-- phpMyAdmin SQL Dump
-- version 5.2.0
-- https://www.phpmyadmin.net/
--
-- Host: 127.0.0.1
-- Generation Time: Jun 24, 2023 at 08:17 PM
-- Server version: 10.4.27-MariaDB
-- PHP Version: 8.2.0

SET SQL_MODE = "NO_AUTO_VALUE_ON_ZERO";
START TRANSACTION;
SET time_zone = "+00:00";


/*!40101 SET @OLD_CHARACTER_SET_CLIENT=@@CHARACTER_SET_CLIENT */;
/*!40101 SET @OLD_CHARACTER_SET_RESULTS=@@CHARACTER_SET_RESULTS */;
/*!40101 SET @OLD_COLLATION_CONNECTION=@@COLLATION_CONNECTION */;
/*!40101 SET NAMES utf8mb4 */;

--
-- Database: `web22-23`
--

-- --------------------------------------------------------

--
-- Table structure for table `categories`
--

CREATE TABLE `categories` (
  `Category_Id` varchar(50) NOT NULL,
  `Category_Name` varchar(50) NOT NULL,
  `Category_Parent_Id` varchar(50) DEFAULT NULL
) ENGINE=InnoDB DEFAULT CHARSET=utf8mb4 COLLATE=utf8mb4_general_ci;

--
-- Dumping data for table `categories`
--

INSERT INTO `categories` (`Category_Id`, `Category_Name`, `Category_Parent_Id`) VALUES
('034941f08ca34f7baaf5932427d7e635', 'Χαρτικά', 'd41744460283406a86f8e4bd5010a66d'),
('0c6e42d52765495dbbd06c189a4fc80f', 'Pet shop/ Τροφή σκύλου', '662418cbd02e435280148dbb8892782a'),
('3010aca5cbdc401e8dfe1d39320a8d1a', 'Αναψυκτικά - Ενεργειακά Ποτά', 'a8ac6be68b53443bbd93b229e2f9cd34'),
('3d01f4ce48ad422b90b50c62b1f8e7f2', 'Κρασιά', 'a8ac6be68b53443bbd93b229e2f9cd34'),
('662418cbd02e435280148dbb8892782a', 'Για κατοικίδια', 'NULL'),
('8016e637b54241f8ad242ed1699bf2da', 'Βρεφικά Είδη', 'NULL'),
('926262c303fe402a8542a5d5cf3ac7eb', 'Pet shop/ Τροφή γάτας', '662418cbd02e435280148dbb8892782a'),
('a8ac6be68b53443bbd93b229e2f9cd34', 'Ποτά - Αναψυκτικά', 'NULL'),
('d41744460283406a86f8e4bd5010a66d', 'Καθαριότητα', 'NULL'),
('e0efaa1776714351a4c17a3a9d412602', 'Πάνες', '8016e637b54241f8ad242ed1699bf2da'),
('e60aca31a37a40db8a83ccf93bd116b1', 'Απορρυπαντικά', 'd41744460283406a86f8e4bd5010a66d'),
('fc71b59318b5410d8ed9da8b42904d77', 'Γάλα', '8016e637b54241f8ad242ed1699bf2da');

-- --------------------------------------------------------

--
-- Table structure for table `offers`
--

CREATE TABLE `offers` (
  `Offer_Id` int(11) NOT NULL,
  `Poi_Id` varchar(50) NOT NULL,
  `User_Id` int(11) NOT NULL,
  `Product_Id` int(11) NOT NULL,
  `Price` float NOT NULL,
  `Date` date NOT NULL DEFAULT current_timestamp(),
  `Update_Date` date NOT NULL DEFAULT current_timestamp(),
  `End_Date` date NOT NULL,
  `Is_Active` tinyint(1) NOT NULL DEFAULT 1,
  `Day_Check` tinyint(1) NOT NULL DEFAULT 0,
  `Week_Check` tinyint(1) NOT NULL DEFAULT 0,
  `Likes` int(11) DEFAULT 0,
  `Dislikes` int(11) DEFAULT 0,
  `Has_Stock` tinyint(1) NOT NULL DEFAULT 1
) ENGINE=InnoDB DEFAULT CHARSET=utf8mb4 COLLATE=utf8mb4_general_ci;

--
-- Dumping data for table `offers`
--

INSERT INTO `offers` (`Offer_Id`, `Poi_Id`, `User_Id`, `Product_Id`, `Price`, `Date`, `Update_Date`, `End_Date`, `Is_Active`, `Day_Check`, `Week_Check`, `Likes`, `Dislikes`, `Has_Stock`) VALUES
(80, 'node/7673986831', 1, 7, 0.6, '2023-06-14', '2023-06-21', '2023-06-28', 0, 0, 0, 0, 0, 1),
(81, 'node/7673986831', 1, 7, 0.43, '2023-06-22', '2023-06-22', '2023-06-29', 1, 1, 1, 3, 0, 1),
(82, 'node/7673986831', 1, 1162, 7.58, '2023-06-22', '2023-06-22', '2023-06-29', 1, 1, 1, 0, 0, 1),
(83, 'node/7673986831', 1, 1146, 16.5, '2023-06-22', '2023-06-22', '2023-06-29', 1, 0, 0, 0, 0, 1),
(84, 'node/5005409493', 1, 1083, 0.99, '2023-06-22', '2023-06-22', '2023-06-29', 1, 0, 0, 0, 0, 0),
(85, 'node/5005409493', 1, 1042, 0.19, '2023-06-22', '2023-06-22', '2023-06-29', 1, 1, 1, 2, 0, 1),
(86, 'node/8805335004', 17, 57, 7.29, '2023-06-22', '2023-06-22', '2023-06-29', 1, 1, 1, 0, 0, 1),
(88, 'node/8805335004', 17, 47, 0.81, '2023-06-22', '2023-06-22', '2023-06-29', 1, 1, 1, 0, 0, 1),
(89, 'node/4101518891', 17, 47, 0.8, '2023-06-22', '2023-06-22', '2023-06-29', 1, 1, 1, 0, 0, 1),
(91, 'node/8805467220', 17, 59, 1.04, '2023-06-22', '2023-06-22', '2023-06-29', 1, 1, 1, 0, 0, 1),
(92, 'node/7673986831', 19, 63, 6.99, '2023-06-22', '2023-06-22', '2023-06-29', 1, 0, 0, 1, 1, 0),
(93, 'node/7673935764', 19, 63, 5.98, '2023-06-22', '2023-06-22', '2023-06-29', 1, 0, 0, 0, 0, 1),
(94, 'node/7673935764', 19, 88, 4.86, '2023-06-22', '2023-06-22', '2023-06-29', 1, 1, 1, 0, 0, 1),
(95, 'node/7673935764', 19, 94, 14.99, '2023-06-22', '2023-06-22', '2023-06-29', 1, 1, 1, 0, 0, 1),
(96, 'node/1770994538', 20, 174, 8.87, '2023-06-22', '2023-06-22', '2023-06-29', 1, 1, 1, 0, 0, 1),
(97, 'node/1770994538', 20, 256, 2.04, '2023-06-22', '2023-06-22', '2023-06-29', 1, 1, 1, 0, 0, 1),
(98, 'node/1770994538', 20, 314, 1.29, '2023-06-22', '2023-06-22', '2023-06-29', 1, 0, 0, 0, 0, 1),
(99, 'node/1770994538', 20, 338, 0.65, '2023-06-22', '2023-06-22', '2023-06-29', 1, 1, 0, 0, 0, 1),
(102, 'node/1770994538', 20, 1042, 0.29, '2023-06-22', '2023-06-22', '2023-06-29', 1, 1, 1, 0, 0, 1),
(103, 'node/7673935764', 20, 338, 0.65, '2023-06-22', '2023-06-22', '2023-06-29', 1, 1, 0, 0, 0, 1),
(104, 'node/7673986831', 18, 706, 0.75, '2023-06-24', '2023-06-24', '2023-07-01', 1, 0, 0, 0, 1, 1),
(105, 'node/7673986831', 18, 775, 0.89, '2023-06-24', '2023-06-24', '2023-07-01', 1, 1, 1, 0, 0, 1),
(106, 'node/7673986831', 18, 174, 9.99, '2023-06-24', '2023-06-24', '2023-07-01', 1, 0, 0, 1, 0, 1),
(107, 'node/8805335004', 18, 219, 7.99, '2023-06-24', '2023-06-24', '2023-07-01', 1, 1, 1, 0, 0, 1),
(108, 'node/5005409493', 18, 57, 6.99, '2023-06-24', '2023-06-24', '2023-07-01', 1, 1, 1, 1, 0, 1),
(109, 'node/5005409494', 17, 57, 8.99, '2023-06-24', '2023-06-24', '2023-07-01', 1, 0, 0, 0, 0, 1),
(110, 'node/5005409494', 17, 59, 0.89, '2023-06-24', '2023-06-24', '2023-07-01', 1, 1, 1, 0, 0, 1),
(111, 'node/5005409494', 17, 256, 1.49, '2023-06-24', '2023-06-24', '2023-07-01', 1, 1, 1, 0, 0, 1),
(112, 'node/5005409494', 17, 1008, 0.49, '2023-06-24', '2023-06-24', '2023-07-01', 1, 1, 1, 0, 0, 1),
(113, 'node/5005409494', 17, 926, 3.99, '2023-06-24', '2023-06-24', '2023-07-01', 1, 0, 0, 0, 0, 1),
(114, 'node/4101518891', 17, 47, 0.8, '2023-05-11', '2023-05-11', '2023-05-18', 0, 1, 1, 1, 0, 1);

-- --------------------------------------------------------

--
-- Table structure for table `poi`
--

CREATE TABLE `poi` (
  `Poi_Id` varchar(50) NOT NULL,
  `Poi_Name` varchar(50) NOT NULL DEFAULT 'Unknown Name',
  `Latitude` double NOT NULL,
  `Longitude` double NOT NULL
) ENGINE=InnoDB DEFAULT CHARSET=utf8mb4 COLLATE=utf8mb4_general_ci;

--
-- Dumping data for table `poi`
--

INSERT INTO `poi` (`Poi_Id`, `Poi_Name`, `Latitude`, `Longitude`) VALUES
('node/1643373636', 'Σκλαβενίτης', 38.3013087, 21.7814957),
('node/1643818281', 'Σκλαβενίτης', 38.2596476, 21.7489662),
('node/1657132006', 'Ρουμελιώτης SUPER Market', 38.2613806, 21.7436127),
('node/1657132008', 'Σκλαβενίτης', 38.2585236, 21.741582),
('node/1763830009', 'My market', 38.2323892, 21.7473265),
('node/1763830474', 'ΑΒ Βασιλόπουλος', 38.2322376, 21.7257294),
('node/1770994538', 'Markoulas', 38.2644973, 21.7603629),
('node/1815896581', 'Lidl', 38.3067563, 21.8051332),
('node/1971240515', 'Ανδρικόπουλος', 38.2399863, 21.736371),
('node/1971247760', 'Σκλαβενίτης', 38.2364945, 21.7373409),
('node/1971249846', 'My Market', 38.2427052, 21.7342362),
('node/3144355008', 'My market', 38.2568618, 21.7396708),
('node/3354481184', 'Ανδρικόπουλος', 38.1951968, 21.7323293),
('node/354449389', 'Lidl', 38.2080319, 21.712654),
('node/360217468', 'The Mart', 38.28931, 21.7806567),
('node/360226900', 'Lidl', 38.2633511, 21.7434265),
('node/364381224', 'Σουπερμάρκετ Ανδρικόπουλος', 38.2952086, 21.7908028),
('node/364463568', 'Σκλαβενίτης', 38.2104365, 21.7642075),
('node/4101518891', 'ΑΒ ΒΑΣΙΛΟΠΟΥΛΟΣ', 38.2565589, 21.7418506),
('node/4356183595', 'Σκλαβενίτης', 38.2434859, 21.733285),
('node/4357589496', 'Ανδρικόπουλος', 38.2427963, 21.7302559),
('node/4372108797', 'Mini Market', 38.2725804, 21.8364993),
('node/4484528391', 'Carna', 38.2795377, 21.7667136),
('node/4752810729', 'Mini Market', 38.3052409, 21.7770011),
('node/4931300543', 'Kronos', 38.2425794, 21.7296435),
('node/4953268497', 'Φίλιππας', 38.2585639, 21.7504681),
('node/5005384516', 'No supermarket', 38.2498065, 21.7363349),
('node/5005409493', 'Kiosk', 38.2490852, 21.735128),
('node/5005409494', 'Kiosk', 38.2493169, 21.7349115),
('node/5005409495', 'Kiosk', 38.2489563, 21.7344427),
('node/5005476710', 'Kiosk', 38.2569875, 21.7413066),
('node/5005476711', 'Kiosk', 38.2561434, 21.7409531),
('node/5164678230', 'Ανδρικόπουλος - Supermarket', 38.2691937, 21.7481501),
('node/5164741179', 'Σκλαβενίτης', 38.2690963, 21.7497014),
('node/5396345464', 'Mini Market', 38.3277388, 21.8764222),
('node/5620198221', 'ΑΒ Βασιλόπουλος', 38.2170935, 21.7357783),
('node/5620208927', 'Mini Market', 38.2160259, 21.7321204),
('node/598279836', 'Papakos', 38.23553, 21.7622778),
('node/7673935764', '3A', 38.2504514, 21.7396687),
('node/7673976786', 'Spar', 38.2486316, 21.7389771),
('node/7673986831', 'ΑΝΔΡΙΚΟΠΟΥΛΟΣ', 38.2481545, 21.7383224),
('node/7674120315', 'ΑΝΔΡΙΚΟΠΟΥΛΟΣ', 38.2429466, 21.7308044),
('node/7677225097', 'MyMarket', 38.2392836, 21.7265283),
('node/8214753473', 'Ena Cash And Carry', 38.2346622, 21.7253472),
('node/8214854586', 'ΚΡΟΝΟΣ - (Σκαγιοπουλείου)', 38.2358002, 21.7294915),
('node/8214887295', 'Ανδρικόπουλος Super Market', 38.2379176, 21.7306406),
('node/8214887306', '3Α Αράπης', 38.2375068, 21.7328984),
('node/8214910532', 'Γαλαξίας', 38.2361127, 21.733787),
('node/8215010716', 'Super Market Θεοδωρόπουλος', 38.2360129, 21.7283123),
('node/8215157448', 'Super Market ΚΡΟΝΟΣ', 38.2390442, 21.7340723),
('node/8777081651', 'Σκλαβενίτης', 38.2601801, 21.7428703),
('node/8777171555', '3A ARAPIS', 38.2586424, 21.7460078),
('node/8805335004', 'Μασούτης', 38.2454669, 21.7355058),
('node/8805467220', 'ΑΒ Shop & Go', 38.24957, 21.7380288),
('node/8806495733', '3Α ΑΡΑΠΗΣ', 38.2398789, 21.7455558),
('node/9651304117', 'Περίπτερο', 38.2554443, 21.7408745),
('node/980515550', 'Lidl', 38.2312926, 21.740082);

-- --------------------------------------------------------

--
-- Table structure for table `prices`
--

CREATE TABLE `prices` (
  `Product_Id` int(11) NOT NULL,
  `Date` date NOT NULL,
  `Price` float NOT NULL
) ENGINE=InnoDB DEFAULT CHARSET=utf8mb4 COLLATE=utf8mb4_general_ci;

--
-- Dumping data for table `prices`
--

INSERT INTO `prices` (`Product_Id`, `Date`, `Price`) VALUES
(7, '2023-05-08', 0.68),
(7, '2023-05-09', 0.67),
(7, '2023-05-10', 0.67),
(7, '2023-05-11', 0.66),
(7, '2023-05-12', 0.67),
(7, '2023-05-13', 0.68),
(7, '2023-05-14', 0.67),
(7, '2023-05-15', 0.67),
(7, '2023-05-16', 0.66),
(7, '2023-05-17', 0.67),
(7, '2023-05-29', 0.68),
(7, '2023-05-30', 0.67),
(7, '2023-05-31', 0.67),
(7, '2023-06-01', 0.66),
(7, '2023-06-02', 0.67),
(7, '2023-06-12', 0.68),
(7, '2023-06-13', 0.67),
(7, '2023-06-14', 0.67),
(7, '2023-06-15', 0.66),
(7, '2023-06-16', 0.67),
(7, '2023-06-19', 0.68),
(7, '2023-06-20', 0.67),
(7, '2023-06-21', 0.67),
(7, '2023-06-22', 0.66),
(7, '2023-06-23', 0.67),
(7, '2023-06-26', 0.68),
(7, '2023-06-27', 0.67),
(7, '2023-06-28', 0.67),
(7, '2023-06-29', 0.66),
(7, '2023-06-30', 0.67),
(47, '2023-05-08', 1.03),
(47, '2023-05-09', 1.02),
(47, '2023-05-10', 1.03),
(47, '2023-05-11', 1.04),
(47, '2023-05-12', 1.05),
(47, '2023-05-13', 1.03),
(47, '2023-05-14', 1.02),
(47, '2023-05-15', 1.03),
(47, '2023-05-16', 1.04),
(47, '2023-05-17', 1.05),
(47, '2023-05-29', 1.03),
(47, '2023-05-30', 1.02),
(47, '2023-05-31', 1.03),
(47, '2023-06-01', 1.04),
(47, '2023-06-02', 1.05),
(47, '2023-06-12', 1.03),
(47, '2023-06-13', 1.02),
(47, '2023-06-14', 1.03),
(47, '2023-06-15', 1.04),
(47, '2023-06-16', 1.05),
(47, '2023-06-19', 1.03),
(47, '2023-06-20', 1.02),
(47, '2023-06-21', 1.03),
(47, '2023-06-22', 1.04),
(47, '2023-06-23', 1.05),
(47, '2023-06-26', 1.03),
(47, '2023-06-27', 1.02),
(47, '2023-06-28', 1.03),
(47, '2023-06-29', 1.04),
(47, '2023-06-30', 1.05),
(57, '2023-05-08', 9.14),
(57, '2023-05-09', 9.15),
(57, '2023-05-10', 9.16),
(57, '2023-05-11', 9.15),
(57, '2023-05-12', 9.15),
(57, '2023-05-13', 9.14),
(57, '2023-05-14', 9.15),
(57, '2023-05-15', 9.16),
(57, '2023-05-16', 9.15),
(57, '2023-05-17', 9.15),
(57, '2023-05-29', 9.14),
(57, '2023-05-30', 9.15),
(57, '2023-05-31', 9.16),
(57, '2023-06-01', 9.15),
(57, '2023-06-02', 9.15),
(57, '2023-06-12', 9.14),
(57, '2023-06-13', 9.15),
(57, '2023-06-14', 9.16),
(57, '2023-06-15', 9.15),
(57, '2023-06-16', 9.15),
(57, '2023-06-19', 9.14),
(57, '2023-06-20', 9.15),
(57, '2023-06-21', 9.16),
(57, '2023-06-22', 9.15),
(57, '2023-06-23', 9.15),
(57, '2023-06-26', 9.14),
(57, '2023-06-27', 9.15),
(57, '2023-06-28', 9.16),
(57, '2023-06-29', 9.15),
(57, '2023-06-30', 9.15),
(59, '2023-05-08', 1.52),
(59, '2023-05-09', 1.53),
(59, '2023-05-10', 1.52),
(59, '2023-05-11', 1.53),
(59, '2023-05-12', 1.54),
(59, '2023-05-13', 1.52),
(59, '2023-05-14', 1.53),
(59, '2023-05-15', 1.52),
(59, '2023-05-16', 1.53),
(59, '2023-05-17', 1.54),
(59, '2023-05-29', 1.52),
(59, '2023-05-30', 1.53),
(59, '2023-05-31', 1.52),
(59, '2023-06-01', 1.53),
(59, '2023-06-02', 1.54),
(59, '2023-06-12', 1.52),
(59, '2023-06-13', 1.53),
(59, '2023-06-14', 1.52),
(59, '2023-06-15', 1.53),
(59, '2023-06-16', 1.54),
(59, '2023-06-19', 1.52),
(59, '2023-06-20', 1.53),
(59, '2023-06-21', 1.52),
(59, '2023-06-22', 1.53),
(59, '2023-06-23', 1.54),
(59, '2023-06-26', 1.52),
(59, '2023-06-27', 1.53),
(59, '2023-06-28', 1.52),
(59, '2023-06-29', 1.53),
(59, '2023-06-30', 1.54),
(63, '2023-05-08', 7.42),
(63, '2023-05-09', 7.4),
(63, '2023-05-10', 7.43),
(63, '2023-05-11', 7.45),
(63, '2023-05-12', 7.5),
(63, '2023-05-13', 7.42),
(63, '2023-05-14', 7.4),
(63, '2023-05-15', 7.43),
(63, '2023-05-16', 7.45),
(63, '2023-05-17', 7.5),
(63, '2023-05-29', 7.42),
(63, '2023-05-30', 7.4),
(63, '2023-05-31', 7.43),
(63, '2023-06-01', 7.45),
(63, '2023-06-02', 7.5),
(63, '2023-06-12', 7.42),
(63, '2023-06-13', 7.4),
(63, '2023-06-14', 7.43),
(63, '2023-06-15', 7.45),
(63, '2023-06-16', 7.5),
(63, '2023-06-19', 7.42),
(63, '2023-06-20', 7.4),
(63, '2023-06-21', 7.43),
(63, '2023-06-22', 7.45),
(63, '2023-06-23', 7.5),
(63, '2023-06-26', 7.42),
(63, '2023-06-27', 7.4),
(63, '2023-06-28', 7.43),
(63, '2023-06-29', 7.45),
(63, '2023-06-30', 7.5),
(88, '2023-05-08', 7.2),
(88, '2023-05-09', 7.15),
(88, '2023-05-10', 7.1),
(88, '2023-05-11', 7.2),
(88, '2023-05-12', 7),
(88, '2023-05-13', 7.2),
(88, '2023-05-14', 7.15),
(88, '2023-05-15', 7.1),
(88, '2023-05-16', 7.2),
(88, '2023-05-17', 7),
(88, '2023-05-29', 7.2),
(88, '2023-05-30', 7.15),
(88, '2023-05-31', 7.1),
(88, '2023-06-01', 7.2),
(88, '2023-06-02', 7),
(88, '2023-06-12', 7.2),
(88, '2023-06-13', 7.15),
(88, '2023-06-14', 7.1),
(88, '2023-06-15', 7.2),
(88, '2023-06-16', 7),
(88, '2023-06-19', 7.2),
(88, '2023-06-20', 7.15),
(88, '2023-06-21', 7.1),
(88, '2023-06-22', 7.2),
(88, '2023-06-23', 7),
(88, '2023-06-26', 7.2),
(88, '2023-06-27', 7.15),
(88, '2023-06-28', 7.1),
(88, '2023-06-29', 7.2),
(88, '2023-06-30', 7),
(94, '2023-05-08', 19),
(94, '2023-05-09', 19.2),
(94, '2023-05-10', 19.4),
(94, '2023-05-11', 19.5),
(94, '2023-05-12', 19.7),
(94, '2023-05-13', 19),
(94, '2023-05-14', 19.2),
(94, '2023-05-15', 19.4),
(94, '2023-05-16', 19.5),
(94, '2023-05-17', 19.7),
(94, '2023-05-29', 19),
(94, '2023-05-30', 19.2),
(94, '2023-05-31', 19.4),
(94, '2023-06-01', 19.5),
(94, '2023-06-02', 19.7),
(94, '2023-06-12', 19),
(94, '2023-06-13', 19.2),
(94, '2023-06-14', 19.4),
(94, '2023-06-15', 19.5),
(94, '2023-06-16', 19.7),
(94, '2023-06-19', 19),
(94, '2023-06-20', 19.2),
(94, '2023-06-21', 19.4),
(94, '2023-06-22', 19.5),
(94, '2023-06-23', 19.7),
(94, '2023-06-26', 19),
(94, '2023-06-27', 19.2),
(94, '2023-06-28', 19.4),
(94, '2023-06-29', 19.5),
(94, '2023-06-30', 19.7),
(99, '2023-05-08', 4.3),
(99, '2023-05-09', 4.32),
(99, '2023-05-10', 4.24),
(99, '2023-05-11', 4.34),
(99, '2023-05-12', 4.2),
(99, '2023-05-13', 4.3),
(99, '2023-05-14', 4.32),
(99, '2023-05-15', 4.24),
(99, '2023-05-16', 4.34),
(99, '2023-05-17', 4.2),
(99, '2023-05-29', 4.3),
(99, '2023-05-30', 4.32),
(99, '2023-05-31', 4.24),
(99, '2023-06-01', 4.34),
(99, '2023-06-02', 4.2),
(99, '2023-06-12', 4.3),
(99, '2023-06-13', 4.32),
(99, '2023-06-14', 4.24),
(99, '2023-06-15', 4.34),
(99, '2023-06-16', 4.2),
(99, '2023-06-19', 4.3),
(99, '2023-06-20', 4.32),
(99, '2023-06-21', 4.24),
(99, '2023-06-22', 4.34),
(99, '2023-06-23', 4.2),
(99, '2023-06-26', 4.3),
(99, '2023-06-27', 4.32),
(99, '2023-06-28', 4.24),
(99, '2023-06-29', 4.34),
(99, '2023-06-30', 4.2),
(172, '2023-05-08', 0.82),
(172, '2023-05-09', 0.83),
(172, '2023-05-10', 0.85),
(172, '2023-05-11', 0.86),
(172, '2023-05-12', 0.87),
(172, '2023-05-13', 0.82),
(172, '2023-05-14', 0.83),
(172, '2023-05-15', 0.85),
(172, '2023-05-16', 0.86),
(172, '2023-05-17', 0.87),
(172, '2023-05-29', 0.82),
(172, '2023-05-30', 0.83),
(172, '2023-05-31', 0.85),
(172, '2023-06-01', 0.86),
(172, '2023-06-02', 0.87),
(172, '2023-06-12', 0.82),
(172, '2023-06-13', 0.83),
(172, '2023-06-14', 0.85),
(172, '2023-06-15', 0.86),
(172, '2023-06-16', 0.87),
(172, '2023-06-19', 0.82),
(172, '2023-06-20', 0.83),
(172, '2023-06-21', 0.85),
(172, '2023-06-22', 0.86),
(172, '2023-06-23', 0.87),
(172, '2023-06-26', 0.82),
(172, '2023-06-27', 0.83),
(172, '2023-06-28', 0.85),
(172, '2023-06-29', 0.86),
(172, '2023-06-30', 0.87),
(174, '2023-05-08', 11.1),
(174, '2023-05-09', 11.12),
(174, '2023-05-10', 11.1),
(174, '2023-05-11', 11),
(174, '2023-05-12', 10.98),
(174, '2023-05-13', 11.1),
(174, '2023-05-14', 11.12),
(174, '2023-05-15', 11.1),
(174, '2023-05-16', 11),
(174, '2023-05-17', 10.98),
(174, '2023-05-29', 11.1),
(174, '2023-05-30', 11.12),
(174, '2023-05-31', 11.1),
(174, '2023-06-01', 11),
(174, '2023-06-02', 10.98),
(174, '2023-06-12', 11.1),
(174, '2023-06-13', 11.12),
(174, '2023-06-14', 11.1),
(174, '2023-06-15', 11),
(174, '2023-06-16', 10.98),
(174, '2023-06-19', 11.1),
(174, '2023-06-20', 11.12),
(174, '2023-06-21', 11.1),
(174, '2023-06-22', 11),
(174, '2023-06-23', 10.98),
(174, '2023-06-26', 11.1),
(174, '2023-06-27', 11.12),
(174, '2023-06-28', 11.1),
(174, '2023-06-29', 11),
(174, '2023-06-30', 10.98),
(219, '2023-05-08', 10.1),
(219, '2023-05-09', 10.2),
(219, '2023-05-10', 10.5),
(219, '2023-05-11', 11),
(219, '2023-05-12', 10.3),
(219, '2023-05-13', 10.1),
(219, '2023-05-14', 10.2),
(219, '2023-05-15', 10.5),
(219, '2023-05-16', 11),
(219, '2023-05-17', 10.3),
(219, '2023-05-29', 10.1),
(219, '2023-05-30', 10.2),
(219, '2023-05-31', 10.5),
(219, '2023-06-01', 11),
(219, '2023-06-02', 10.3),
(219, '2023-06-12', 10.1),
(219, '2023-06-13', 10.2),
(219, '2023-06-14', 10.5),
(219, '2023-06-15', 11),
(219, '2023-06-16', 10.3),
(219, '2023-06-19', 10.1),
(219, '2023-06-20', 10.2),
(219, '2023-06-21', 10.5),
(219, '2023-06-22', 11),
(219, '2023-06-23', 10.3),
(219, '2023-06-26', 10.1),
(219, '2023-06-27', 10.2),
(219, '2023-06-28', 10.5),
(219, '2023-06-29', 11),
(219, '2023-06-30', 10.3),
(256, '2023-05-08', 2.64),
(256, '2023-05-09', 2.64),
(256, '2023-05-10', 2.65),
(256, '2023-05-11', 2.63),
(256, '2023-05-12', 2.6),
(256, '2023-05-13', 2.64),
(256, '2023-05-14', 2.64),
(256, '2023-05-15', 2.65),
(256, '2023-05-16', 2.63),
(256, '2023-05-17', 2.6),
(256, '2023-05-29', 2.64),
(256, '2023-05-30', 2.64),
(256, '2023-05-31', 2.65),
(256, '2023-06-01', 2.63),
(256, '2023-06-02', 2.6),
(256, '2023-06-12', 2.64),
(256, '2023-06-13', 2.64),
(256, '2023-06-14', 2.65),
(256, '2023-06-15', 2.63),
(256, '2023-06-16', 2.6),
(256, '2023-06-19', 2.64),
(256, '2023-06-20', 2.64),
(256, '2023-06-21', 2.65),
(256, '2023-06-22', 2.63),
(256, '2023-06-23', 2.6),
(256, '2023-06-26', 2.64),
(256, '2023-06-27', 2.64),
(256, '2023-06-28', 2.65),
(256, '2023-06-29', 2.63),
(256, '2023-06-30', 2.6),
(291, '2023-05-08', 4.31),
(291, '2023-05-09', 4.3),
(291, '2023-05-10', 4.28),
(291, '2023-05-11', 4.27),
(291, '2023-05-12', 4.27),
(291, '2023-05-13', 4.31),
(291, '2023-05-14', 4.3),
(291, '2023-05-15', 4.28),
(291, '2023-05-16', 4.27),
(291, '2023-05-17', 4.27),
(291, '2023-05-29', 4.31),
(291, '2023-05-30', 4.3),
(291, '2023-05-31', 4.28),
(291, '2023-06-01', 4.27),
(291, '2023-06-02', 4.27),
(291, '2023-06-12', 4.31),
(291, '2023-06-13', 4.3),
(291, '2023-06-14', 4.28),
(291, '2023-06-15', 4.27),
(291, '2023-06-16', 4.27),
(291, '2023-06-19', 4.31),
(291, '2023-06-20', 4.3),
(291, '2023-06-21', 4.28),
(291, '2023-06-22', 4.27),
(291, '2023-06-23', 4.27),
(291, '2023-06-26', 4.31),
(291, '2023-06-27', 4.3),
(291, '2023-06-28', 4.28),
(291, '2023-06-29', 4.27),
(291, '2023-06-30', 4.27),
(296, '2023-05-08', 5.15),
(296, '2023-05-09', 5.16),
(296, '2023-05-10', 5.2),
(296, '2023-05-11', 5.25),
(296, '2023-05-12', 5.28),
(296, '2023-05-13', 5.15),
(296, '2023-05-14', 5.16),
(296, '2023-05-15', 5.2),
(296, '2023-05-16', 5.25),
(296, '2023-05-17', 5.28),
(296, '2023-05-29', 5.15),
(296, '2023-05-30', 5.16),
(296, '2023-05-31', 5.2),
(296, '2023-06-01', 5.25),
(296, '2023-06-02', 5.28),
(296, '2023-06-12', 5.15),
(296, '2023-06-13', 5.16),
(296, '2023-06-14', 5.2),
(296, '2023-06-15', 5.25),
(296, '2023-06-16', 5.28),
(296, '2023-06-19', 5.15),
(296, '2023-06-20', 5.16),
(296, '2023-06-21', 5.2),
(296, '2023-06-22', 5.25),
(296, '2023-06-23', 5.28),
(296, '2023-06-26', 5.15),
(296, '2023-06-27', 5.16),
(296, '2023-06-28', 5.2),
(296, '2023-06-29', 5.25),
(296, '2023-06-30', 5.28),
(314, '2023-05-08', 1.42),
(314, '2023-05-09', 1.41),
(314, '2023-05-10', 1.39),
(314, '2023-05-11', 1.38),
(314, '2023-05-12', 1.35),
(314, '2023-05-13', 1.42),
(314, '2023-05-14', 1.41),
(314, '2023-05-15', 1.39),
(314, '2023-05-16', 1.38),
(314, '2023-05-17', 1.35),
(314, '2023-05-29', 1.42),
(314, '2023-05-30', 1.41),
(314, '2023-05-31', 1.39),
(314, '2023-06-01', 1.38),
(314, '2023-06-02', 1.35),
(314, '2023-06-12', 1.42),
(314, '2023-06-13', 1.41),
(314, '2023-06-14', 1.39),
(314, '2023-06-15', 1.38),
(314, '2023-06-16', 1.35),
(314, '2023-06-19', 1.42),
(314, '2023-06-20', 1.41),
(314, '2023-06-21', 1.39),
(314, '2023-06-22', 1.38),
(314, '2023-06-23', 1.35),
(314, '2023-06-26', 1.42),
(314, '2023-06-27', 1.41),
(314, '2023-06-28', 1.39),
(314, '2023-06-29', 1.38),
(314, '2023-06-30', 1.35),
(330, '2023-05-08', 2.32),
(330, '2023-05-09', 2.3),
(330, '2023-05-10', 2.28),
(330, '2023-05-11', 2.27),
(330, '2023-05-12', 2.25),
(330, '2023-05-13', 2.32),
(330, '2023-05-14', 2.3),
(330, '2023-05-15', 2.28),
(330, '2023-05-16', 2.27),
(330, '2023-05-17', 2.25),
(330, '2023-05-29', 2.32),
(330, '2023-05-30', 2.3),
(330, '2023-05-31', 2.28),
(330, '2023-06-01', 2.27),
(330, '2023-06-02', 2.25),
(330, '2023-06-12', 2.32),
(330, '2023-06-13', 2.3),
(330, '2023-06-14', 2.28),
(330, '2023-06-15', 2.27),
(330, '2023-06-16', 2.25),
(330, '2023-06-19', 2.32),
(330, '2023-06-20', 2.3),
(330, '2023-06-21', 2.28),
(330, '2023-06-22', 2.27),
(330, '2023-06-23', 2.25),
(330, '2023-06-26', 2.32),
(330, '2023-06-27', 2.3),
(330, '2023-06-28', 2.28),
(330, '2023-06-29', 2.27),
(330, '2023-06-30', 2.25),
(335, '2023-05-08', 1.45),
(335, '2023-05-09', 1.46),
(335, '2023-05-10', 1.48),
(335, '2023-05-11', 1.5),
(335, '2023-05-12', 1.5),
(335, '2023-05-13', 1.45),
(335, '2023-05-14', 1.46),
(335, '2023-05-15', 1.48),
(335, '2023-05-16', 1.5),
(335, '2023-05-17', 1.5),
(335, '2023-05-29', 1.45),
(335, '2023-05-30', 1.46),
(335, '2023-05-31', 1.48),
(335, '2023-06-01', 1.5),
(335, '2023-06-02', 1.5),
(335, '2023-06-12', 1.45),
(335, '2023-06-13', 1.46),
(335, '2023-06-14', 1.48),
(335, '2023-06-15', 1.5),
(335, '2023-06-16', 1.5),
(335, '2023-06-19', 1.45),
(335, '2023-06-20', 1.46),
(335, '2023-06-21', 1.48),
(335, '2023-06-22', 1.5),
(335, '2023-06-23', 1.5),
(335, '2023-06-26', 1.45),
(335, '2023-06-27', 1.46),
(335, '2023-06-28', 1.48),
(335, '2023-06-29', 1.5),
(335, '2023-06-30', 1.5),
(338, '2023-05-08', 0.79),
(338, '2023-05-09', 0.8),
(338, '2023-05-10', 0.82),
(338, '2023-05-11', 0.83),
(338, '2023-05-12', 0.85),
(338, '2023-05-13', 0.79),
(338, '2023-05-14', 0.8),
(338, '2023-05-15', 0.82),
(338, '2023-05-16', 0.83),
(338, '2023-05-17', 0.85),
(338, '2023-05-29', 0.79),
(338, '2023-05-30', 0.8),
(338, '2023-05-31', 0.82),
(338, '2023-06-01', 0.83),
(338, '2023-06-02', 0.85),
(338, '2023-06-12', 0.79),
(338, '2023-06-13', 0.8),
(338, '2023-06-14', 0.82),
(338, '2023-06-15', 0.83),
(338, '2023-06-16', 0.85),
(338, '2023-06-19', 0.79),
(338, '2023-06-20', 0.8),
(338, '2023-06-21', 0.82),
(338, '2023-06-22', 0.83),
(338, '2023-06-23', 0.85),
(338, '2023-06-26', 0.79),
(338, '2023-06-27', 0.8),
(338, '2023-06-28', 0.82),
(338, '2023-06-29', 0.83),
(338, '2023-06-30', 0.85),
(419, '2023-05-08', 5.5),
(419, '2023-05-09', 5.6),
(419, '2023-05-10', 5.7),
(419, '2023-05-11', 5.8),
(419, '2023-05-12', 5.9),
(419, '2023-05-13', 5.5),
(419, '2023-05-14', 5.6),
(419, '2023-05-15', 5.7),
(419, '2023-05-16', 5.8),
(419, '2023-05-17', 5.9),
(419, '2023-05-29', 5.5),
(419, '2023-05-30', 5.6),
(419, '2023-05-31', 5.7),
(419, '2023-06-01', 5.8),
(419, '2023-06-02', 5.9),
(419, '2023-06-12', 5.5),
(419, '2023-06-13', 5.6),
(419, '2023-06-14', 5.7),
(419, '2023-06-15', 5.8),
(419, '2023-06-16', 5.9),
(419, '2023-06-19', 5.5),
(419, '2023-06-20', 5.6),
(419, '2023-06-21', 5.7),
(419, '2023-06-22', 5.8),
(419, '2023-06-23', 5.9),
(419, '2023-06-26', 5.5),
(419, '2023-06-27', 5.6),
(419, '2023-06-28', 5.7),
(419, '2023-06-29', 5.8),
(419, '2023-06-30', 5.9),
(487, '2023-05-08', 3.85),
(487, '2023-05-09', 3.84),
(487, '2023-05-10', 3.8),
(487, '2023-05-11', 3.81),
(487, '2023-05-12', 3.75),
(487, '2023-05-13', 3.85),
(487, '2023-05-14', 3.84),
(487, '2023-05-15', 3.8),
(487, '2023-05-16', 3.81),
(487, '2023-05-17', 3.75),
(487, '2023-05-29', 3.85),
(487, '2023-05-30', 3.84),
(487, '2023-05-31', 3.8),
(487, '2023-06-01', 3.81),
(487, '2023-06-02', 3.75),
(487, '2023-06-12', 3.85),
(487, '2023-06-13', 3.84),
(487, '2023-06-14', 3.8),
(487, '2023-06-15', 3.81),
(487, '2023-06-16', 3.75),
(487, '2023-06-19', 3.85),
(487, '2023-06-20', 3.84),
(487, '2023-06-21', 3.8),
(487, '2023-06-22', 3.81),
(487, '2023-06-23', 3.75),
(487, '2023-06-26', 3.85),
(487, '2023-06-27', 3.84),
(487, '2023-06-28', 3.8),
(487, '2023-06-29', 3.81),
(487, '2023-06-30', 3.75),
(495, '2023-05-08', 4),
(495, '2023-05-09', 4.2),
(495, '2023-05-10', 4.1),
(495, '2023-05-11', 4.2),
(495, '2023-05-12', 4.2),
(495, '2023-05-13', 4),
(495, '2023-05-14', 4.2),
(495, '2023-05-15', 4.1),
(495, '2023-05-16', 4.2),
(495, '2023-05-17', 4.2),
(495, '2023-05-29', 4),
(495, '2023-05-30', 4.2),
(495, '2023-05-31', 4.1),
(495, '2023-06-01', 4.2),
(495, '2023-06-02', 4.2),
(495, '2023-06-12', 4),
(495, '2023-06-13', 4.2),
(495, '2023-06-14', 4.1),
(495, '2023-06-15', 4.2),
(495, '2023-06-16', 4.2),
(495, '2023-06-19', 4),
(495, '2023-06-20', 4.2),
(495, '2023-06-21', 4.1),
(495, '2023-06-22', 4.2),
(495, '2023-06-23', 4.2),
(495, '2023-06-26', 4),
(495, '2023-06-27', 4.2),
(495, '2023-06-28', 4.1),
(495, '2023-06-29', 4.2),
(495, '2023-06-30', 4.2),
(592, '2023-05-08', 10.08),
(592, '2023-05-09', 10.09),
(592, '2023-05-10', 10.07),
(592, '2023-05-11', 10.08),
(592, '2023-05-12', 10.1),
(592, '2023-05-13', 10.08),
(592, '2023-05-14', 10.09),
(592, '2023-05-15', 10.07),
(592, '2023-05-16', 10.08),
(592, '2023-05-17', 10.1),
(592, '2023-05-29', 10.08),
(592, '2023-05-30', 10.09),
(592, '2023-05-31', 10.07),
(592, '2023-06-01', 10.08),
(592, '2023-06-02', 10.1),
(592, '2023-06-12', 10.08),
(592, '2023-06-13', 10.09),
(592, '2023-06-14', 10.07),
(592, '2023-06-15', 10.08),
(592, '2023-06-16', 10.1),
(592, '2023-06-19', 10.08),
(592, '2023-06-20', 10.09),
(592, '2023-06-21', 10.07),
(592, '2023-06-22', 10.08),
(592, '2023-06-23', 10.1),
(592, '2023-06-26', 10.08),
(592, '2023-06-27', 10.09),
(592, '2023-06-28', 10.07),
(592, '2023-06-29', 10.08),
(592, '2023-06-30', 10.1),
(629, '2023-05-08', 13.2),
(629, '2023-05-09', 13.25),
(629, '2023-05-10', 13.3),
(629, '2023-05-11', 13.6),
(629, '2023-05-12', 13.5),
(629, '2023-05-13', 13.2),
(629, '2023-05-14', 13.25),
(629, '2023-05-15', 13.3),
(629, '2023-05-16', 13.6),
(629, '2023-05-17', 13.5),
(629, '2023-05-29', 13.2),
(629, '2023-05-30', 13.25),
(629, '2023-05-31', 13.3),
(629, '2023-06-01', 13.6),
(629, '2023-06-02', 13.5),
(629, '2023-06-12', 13.2),
(629, '2023-06-13', 13.25),
(629, '2023-06-14', 13.3),
(629, '2023-06-15', 13.6),
(629, '2023-06-16', 13.5),
(629, '2023-06-19', 13.2),
(629, '2023-06-20', 13.25),
(629, '2023-06-21', 13.3),
(629, '2023-06-22', 13.6),
(629, '2023-06-23', 13.5),
(629, '2023-06-26', 13.2),
(629, '2023-06-27', 13.25),
(629, '2023-06-28', 13.3),
(629, '2023-06-29', 13.6),
(629, '2023-06-30', 13.5),
(634, '2023-05-08', 5.4),
(634, '2023-05-09', 5.42),
(634, '2023-05-10', 5.44),
(634, '2023-05-11', 5.46),
(634, '2023-05-12', 5.47),
(634, '2023-05-13', 5.4),
(634, '2023-05-14', 5.42),
(634, '2023-05-15', 5.44),
(634, '2023-05-16', 5.46),
(634, '2023-05-17', 5.47),
(634, '2023-05-29', 5.4),
(634, '2023-05-30', 5.42),
(634, '2023-05-31', 5.44),
(634, '2023-06-01', 5.46),
(634, '2023-06-02', 5.47),
(634, '2023-06-12', 5.4),
(634, '2023-06-13', 5.42),
(634, '2023-06-14', 5.44),
(634, '2023-06-15', 5.46),
(634, '2023-06-16', 5.47),
(634, '2023-06-19', 5.4),
(634, '2023-06-20', 5.42),
(634, '2023-06-21', 5.44),
(634, '2023-06-22', 5.46),
(634, '2023-06-23', 5.47),
(634, '2023-06-26', 5.4),
(634, '2023-06-27', 5.42),
(634, '2023-06-28', 5.44),
(634, '2023-06-29', 5.46),
(634, '2023-06-30', 5.47),
(653, '2023-05-08', 2.51),
(653, '2023-05-09', 2.5),
(653, '2023-05-10', 2.47),
(653, '2023-05-11', 2.46),
(653, '2023-05-12', 2.4),
(653, '2023-05-13', 2.51),
(653, '2023-05-14', 2.5),
(653, '2023-05-15', 2.47),
(653, '2023-05-16', 2.46),
(653, '2023-05-17', 2.4),
(653, '2023-05-29', 2.51),
(653, '2023-05-30', 2.5),
(653, '2023-05-31', 2.47),
(653, '2023-06-01', 2.46),
(653, '2023-06-02', 2.4),
(653, '2023-06-12', 2.51),
(653, '2023-06-13', 2.5),
(653, '2023-06-14', 2.47),
(653, '2023-06-15', 2.46),
(653, '2023-06-16', 2.4),
(653, '2023-06-19', 2.51),
(653, '2023-06-20', 2.5),
(653, '2023-06-21', 2.47),
(653, '2023-06-22', 2.46),
(653, '2023-06-23', 2.4),
(653, '2023-06-26', 2.51),
(653, '2023-06-27', 2.5),
(653, '2023-06-28', 2.47),
(653, '2023-06-29', 2.46),
(653, '2023-06-30', 2.4),
(706, '2023-05-08', 0.79),
(706, '2023-05-09', 0.8),
(706, '2023-05-10', 0.81),
(706, '2023-05-11', 0.79),
(706, '2023-05-12', 0.8),
(706, '2023-05-13', 0.79),
(706, '2023-05-14', 0.8),
(706, '2023-05-15', 0.81),
(706, '2023-05-16', 0.79),
(706, '2023-05-17', 0.8),
(706, '2023-05-29', 0.79),
(706, '2023-05-30', 0.8),
(706, '2023-05-31', 0.81),
(706, '2023-06-01', 0.79),
(706, '2023-06-02', 0.8),
(706, '2023-06-12', 0.79),
(706, '2023-06-13', 0.8),
(706, '2023-06-14', 0.81),
(706, '2023-06-15', 0.79),
(706, '2023-06-16', 0.8),
(706, '2023-06-19', 0.79),
(706, '2023-06-20', 0.8),
(706, '2023-06-21', 0.81),
(706, '2023-06-22', 0.79),
(706, '2023-06-23', 0.8),
(706, '2023-06-26', 0.79),
(706, '2023-06-27', 0.8),
(706, '2023-06-28', 0.81),
(706, '2023-06-29', 0.79),
(706, '2023-06-30', 0.8),
(775, '2023-05-08', 1.45),
(775, '2023-05-09', 1.43),
(775, '2023-05-10', 1.42),
(775, '2023-05-11', 1.39),
(775, '2023-05-12', 1.38),
(775, '2023-05-13', 1.45),
(775, '2023-05-14', 1.43),
(775, '2023-05-15', 1.42),
(775, '2023-05-16', 1.39),
(775, '2023-05-17', 1.38),
(775, '2023-05-29', 1.45),
(775, '2023-05-30', 1.43),
(775, '2023-05-31', 1.42),
(775, '2023-06-01', 1.39),
(775, '2023-06-02', 1.38),
(775, '2023-06-12', 1.45),
(775, '2023-06-13', 1.43),
(775, '2023-06-14', 1.42),
(775, '2023-06-15', 1.39),
(775, '2023-06-16', 1.38),
(775, '2023-06-19', 1.45),
(775, '2023-06-20', 1.43),
(775, '2023-06-21', 1.42),
(775, '2023-06-22', 1.39),
(775, '2023-06-23', 1.38),
(775, '2023-06-26', 1.45),
(775, '2023-06-27', 1.43),
(775, '2023-06-28', 1.42),
(775, '2023-06-29', 1.39),
(775, '2023-06-30', 1.38),
(841, '2023-05-08', 2.6),
(841, '2023-05-09', 2.58),
(841, '2023-05-10', 2.57),
(841, '2023-05-11', 2.57),
(841, '2023-05-12', 2.55),
(841, '2023-05-13', 2.6),
(841, '2023-05-14', 2.58),
(841, '2023-05-15', 2.57),
(841, '2023-05-16', 2.57),
(841, '2023-05-17', 2.55),
(841, '2023-05-29', 2.6),
(841, '2023-05-30', 2.58),
(841, '2023-05-31', 2.57),
(841, '2023-06-01', 2.57),
(841, '2023-06-02', 2.55),
(841, '2023-06-12', 2.6),
(841, '2023-06-13', 2.58),
(841, '2023-06-14', 2.57),
(841, '2023-06-15', 2.57),
(841, '2023-06-16', 2.55),
(841, '2023-06-19', 2.6),
(841, '2023-06-20', 2.58),
(841, '2023-06-21', 2.57),
(841, '2023-06-22', 2.57),
(841, '2023-06-23', 2.55),
(841, '2023-06-26', 2.6),
(841, '2023-06-27', 2.58),
(841, '2023-06-28', 2.57),
(841, '2023-06-29', 2.57),
(841, '2023-06-30', 2.55),
(842, '2023-05-08', 0.8),
(842, '2023-05-09', 0.82),
(842, '2023-05-10', 0.83),
(842, '2023-05-11', 0.84),
(842, '2023-05-12', 0.84),
(842, '2023-05-13', 0.8),
(842, '2023-05-14', 0.82),
(842, '2023-05-15', 0.83),
(842, '2023-05-16', 0.84),
(842, '2023-05-17', 0.84),
(842, '2023-05-29', 0.8),
(842, '2023-05-30', 0.82),
(842, '2023-05-31', 0.83),
(842, '2023-06-01', 0.84),
(842, '2023-06-02', 0.84),
(842, '2023-06-12', 0.8),
(842, '2023-06-13', 0.82),
(842, '2023-06-14', 0.83),
(842, '2023-06-15', 0.84),
(842, '2023-06-16', 0.84),
(842, '2023-06-19', 0.8),
(842, '2023-06-20', 0.82),
(842, '2023-06-21', 0.83),
(842, '2023-06-22', 0.84),
(842, '2023-06-23', 0.84),
(842, '2023-06-26', 0.8),
(842, '2023-06-27', 0.82),
(842, '2023-06-28', 0.83),
(842, '2023-06-29', 0.84),
(842, '2023-06-30', 0.84),
(869, '2023-05-08', 3.3),
(869, '2023-05-09', 3.28),
(869, '2023-05-10', 3.27),
(869, '2023-05-11', 3.22),
(869, '2023-05-12', 3.21),
(869, '2023-05-13', 3.3),
(869, '2023-05-14', 3.28),
(869, '2023-05-15', 3.27),
(869, '2023-05-16', 3.22),
(869, '2023-05-17', 3.21),
(869, '2023-05-29', 3.3),
(869, '2023-05-30', 3.28),
(869, '2023-05-31', 3.27),
(869, '2023-06-01', 3.22),
(869, '2023-06-02', 3.21),
(869, '2023-06-12', 3.3),
(869, '2023-06-13', 3.28),
(869, '2023-06-14', 3.27),
(869, '2023-06-15', 3.22),
(869, '2023-06-16', 3.21),
(869, '2023-06-19', 3.3),
(869, '2023-06-20', 3.28),
(869, '2023-06-21', 3.27),
(869, '2023-06-22', 3.22),
(869, '2023-06-23', 3.21),
(869, '2023-06-26', 3.3),
(869, '2023-06-27', 3.28),
(869, '2023-06-28', 3.27),
(869, '2023-06-29', 3.22),
(869, '2023-06-30', 3.21),
(877, '2023-05-08', 2.38),
(877, '2023-05-09', 2.39),
(877, '2023-05-10', 2.41),
(877, '2023-05-11', 2.45),
(877, '2023-05-12', 2.45),
(877, '2023-05-13', 2.38),
(877, '2023-05-14', 2.39),
(877, '2023-05-15', 2.41),
(877, '2023-05-16', 2.45),
(877, '2023-05-17', 2.45),
(877, '2023-05-29', 2.38),
(877, '2023-05-30', 2.39),
(877, '2023-05-31', 2.41),
(877, '2023-06-01', 2.45),
(877, '2023-06-02', 2.45),
(877, '2023-06-12', 2.38),
(877, '2023-06-13', 2.39),
(877, '2023-06-14', 2.41),
(877, '2023-06-15', 2.45),
(877, '2023-06-16', 2.45),
(877, '2023-06-19', 2.38),
(877, '2023-06-20', 2.39),
(877, '2023-06-21', 2.41),
(877, '2023-06-22', 2.45),
(877, '2023-06-23', 2.45),
(877, '2023-06-26', 2.38),
(877, '2023-06-27', 2.39),
(877, '2023-06-28', 2.41),
(877, '2023-06-29', 2.45),
(877, '2023-06-30', 2.45),
(926, '2023-05-08', 4.46),
(926, '2023-05-09', 4.47),
(926, '2023-05-10', 4.9),
(926, '2023-05-11', 4.6),
(926, '2023-05-12', 4.3),
(926, '2023-05-13', 4.46),
(926, '2023-05-14', 4.47),
(926, '2023-05-15', 4.9),
(926, '2023-05-16', 4.6),
(926, '2023-05-17', 4.3),
(926, '2023-05-29', 4.46),
(926, '2023-05-30', 4.47),
(926, '2023-05-31', 4.9),
(926, '2023-06-01', 4.6),
(926, '2023-06-02', 4.3),
(926, '2023-06-12', 4.46),
(926, '2023-06-13', 4.47),
(926, '2023-06-14', 4.9),
(926, '2023-06-15', 4.6),
(926, '2023-06-16', 4.3),
(926, '2023-06-19', 4.46),
(926, '2023-06-20', 4.47),
(926, '2023-06-21', 4.9),
(926, '2023-06-22', 4.6),
(926, '2023-06-23', 4.3),
(926, '2023-06-26', 4.46),
(926, '2023-06-27', 4.47),
(926, '2023-06-28', 4.9),
(926, '2023-06-29', 4.6),
(926, '2023-06-30', 4.3),
(957, '2023-05-08', 1.62),
(957, '2023-05-09', 1.65),
(957, '2023-05-10', 1.64),
(957, '2023-05-11', 1.67),
(957, '2023-05-12', 1.66),
(957, '2023-05-13', 1.62),
(957, '2023-05-14', 1.65),
(957, '2023-05-15', 1.64),
(957, '2023-05-16', 1.67),
(957, '2023-05-17', 1.66),
(957, '2023-05-29', 1.62),
(957, '2023-05-30', 1.65),
(957, '2023-05-31', 1.64),
(957, '2023-06-01', 1.67),
(957, '2023-06-02', 1.66),
(957, '2023-06-12', 1.62),
(957, '2023-06-13', 1.65),
(957, '2023-06-14', 1.64),
(957, '2023-06-15', 1.67),
(957, '2023-06-16', 1.66),
(957, '2023-06-19', 1.62),
(957, '2023-06-20', 1.65),
(957, '2023-06-21', 1.64),
(957, '2023-06-22', 1.67),
(957, '2023-06-23', 1.66),
(957, '2023-06-26', 1.62),
(957, '2023-06-27', 1.65),
(957, '2023-06-28', 1.64),
(957, '2023-06-29', 1.67),
(957, '2023-06-30', 1.66),
(983, '2023-05-08', 5.76),
(983, '2023-05-09', 5.77),
(983, '2023-05-10', 5.79),
(983, '2023-05-11', 5.81),
(983, '2023-05-12', 5.82),
(983, '2023-05-13', 5.76),
(983, '2023-05-14', 5.77),
(983, '2023-05-15', 5.79),
(983, '2023-05-16', 5.81),
(983, '2023-05-17', 5.82),
(983, '2023-05-29', 5.76),
(983, '2023-05-30', 5.77),
(983, '2023-05-31', 5.79),
(983, '2023-06-01', 5.81),
(983, '2023-06-02', 5.82),
(983, '2023-06-12', 5.76),
(983, '2023-06-13', 5.77),
(983, '2023-06-14', 5.79),
(983, '2023-06-15', 5.81),
(983, '2023-06-16', 5.82),
(983, '2023-06-19', 5.76),
(983, '2023-06-20', 5.77),
(983, '2023-06-21', 5.79),
(983, '2023-06-22', 5.81),
(983, '2023-06-23', 5.82),
(983, '2023-06-26', 5.76),
(983, '2023-06-27', 5.77),
(983, '2023-06-28', 5.79),
(983, '2023-06-29', 5.81),
(983, '2023-06-30', 5.82),
(1008, '2023-05-08', 0.66),
(1008, '2023-05-09', 0.67),
(1008, '2023-05-10', 0.66),
(1008, '2023-05-11', 0.65),
(1008, '2023-05-12', 0.66),
(1008, '2023-05-13', 0.66),
(1008, '2023-05-14', 0.67),
(1008, '2023-05-15', 0.66),
(1008, '2023-05-16', 0.65),
(1008, '2023-05-17', 0.66),
(1008, '2023-05-29', 0.66),
(1008, '2023-05-30', 0.67),
(1008, '2023-05-31', 0.66),
(1008, '2023-06-01', 0.65),
(1008, '2023-06-02', 0.66),
(1008, '2023-06-12', 0.66),
(1008, '2023-06-13', 0.67),
(1008, '2023-06-14', 0.66),
(1008, '2023-06-15', 0.65),
(1008, '2023-06-16', 0.66),
(1008, '2023-06-19', 0.66),
(1008, '2023-06-20', 0.67),
(1008, '2023-06-21', 0.66),
(1008, '2023-06-22', 0.65),
(1008, '2023-06-23', 0.66),
(1008, '2023-06-26', 0.66),
(1008, '2023-06-27', 0.67),
(1008, '2023-06-28', 0.66),
(1008, '2023-06-29', 0.65),
(1008, '2023-06-30', 0.66),
(1037, '2023-05-08', 2.25),
(1037, '2023-05-09', 2.3),
(1037, '2023-05-10', 2.24),
(1037, '2023-05-11', 2.3),
(1037, '2023-05-12', 2.23),
(1037, '2023-05-13', 2.25),
(1037, '2023-05-14', 2.3),
(1037, '2023-05-15', 2.24),
(1037, '2023-05-16', 2.3),
(1037, '2023-05-17', 2.23),
(1037, '2023-05-29', 2.25),
(1037, '2023-05-30', 2.3),
(1037, '2023-05-31', 2.24),
(1037, '2023-06-01', 2.3),
(1037, '2023-06-02', 2.23),
(1037, '2023-06-12', 2.25),
(1037, '2023-06-13', 2.3),
(1037, '2023-06-14', 2.24),
(1037, '2023-06-15', 2.3),
(1037, '2023-06-16', 2.23),
(1037, '2023-06-19', 2.25),
(1037, '2023-06-20', 2.3),
(1037, '2023-06-21', 2.24),
(1037, '2023-06-22', 2.3),
(1037, '2023-06-23', 2.23),
(1037, '2023-06-26', 2.25),
(1037, '2023-06-27', 2.3),
(1037, '2023-06-28', 2.24),
(1037, '2023-06-29', 2.3),
(1037, '2023-06-30', 2.23),
(1042, '2023-05-08', 0.56),
(1042, '2023-05-09', 0.57),
(1042, '2023-05-10', 0.55),
(1042, '2023-05-11', 0.55),
(1042, '2023-05-12', 0.54),
(1042, '2023-05-13', 0.56),
(1042, '2023-05-14', 0.57),
(1042, '2023-05-15', 0.55),
(1042, '2023-05-16', 0.55),
(1042, '2023-05-17', 0.54),
(1042, '2023-05-29', 0.56),
(1042, '2023-05-30', 0.57),
(1042, '2023-05-31', 0.55),
(1042, '2023-06-01', 0.55),
(1042, '2023-06-02', 0.54),
(1042, '2023-06-12', 0.56),
(1042, '2023-06-13', 0.57),
(1042, '2023-06-14', 0.55),
(1042, '2023-06-15', 0.55),
(1042, '2023-06-16', 0.54),
(1042, '2023-06-19', 0.56),
(1042, '2023-06-20', 0.57),
(1042, '2023-06-21', 0.55),
(1042, '2023-06-22', 0.55),
(1042, '2023-06-23', 0.54),
(1042, '2023-06-26', 0.56),
(1042, '2023-06-27', 0.57),
(1042, '2023-06-28', 0.55),
(1042, '2023-06-29', 0.55),
(1042, '2023-06-30', 0.54),
(1083, '2023-05-08', 1.09),
(1083, '2023-05-09', 1.1),
(1083, '2023-05-10', 1.11),
(1083, '2023-05-11', 1.13),
(1083, '2023-05-12', 1.14),
(1083, '2023-05-13', 1.09),
(1083, '2023-05-14', 1.1),
(1083, '2023-05-15', 1.11),
(1083, '2023-05-16', 1.13),
(1083, '2023-05-17', 1.14),
(1083, '2023-05-29', 1.09),
(1083, '2023-05-30', 1.1),
(1083, '2023-05-31', 1.11),
(1083, '2023-06-01', 1.13),
(1083, '2023-06-02', 1.14),
(1083, '2023-06-12', 1.09),
(1083, '2023-06-13', 1.1),
(1083, '2023-06-14', 1.11),
(1083, '2023-06-15', 1.13),
(1083, '2023-06-16', 1.14),
(1083, '2023-06-19', 1.09),
(1083, '2023-06-20', 1.1),
(1083, '2023-06-21', 1.11),
(1083, '2023-06-22', 1.13),
(1083, '2023-06-23', 1.14),
(1083, '2023-06-26', 1.09),
(1083, '2023-06-27', 1.1),
(1083, '2023-06-28', 1.11),
(1083, '2023-06-29', 1.13),
(1083, '2023-06-30', 1.14),
(1146, '2023-05-08', 20.47),
(1146, '2023-05-09', 20.5),
(1146, '2023-05-10', 20.4),
(1146, '2023-05-11', 20.42),
(1146, '2023-05-12', 20.43),
(1146, '2023-05-13', 20.47),
(1146, '2023-05-14', 20.5),
(1146, '2023-05-15', 20.4),
(1146, '2023-05-16', 20.42),
(1146, '2023-05-17', 20.43),
(1146, '2023-05-29', 20.47),
(1146, '2023-05-30', 20.5),
(1146, '2023-05-31', 20.4),
(1146, '2023-06-01', 20.42),
(1146, '2023-06-02', 20.43),
(1146, '2023-06-12', 20.47),
(1146, '2023-06-13', 20.5),
(1146, '2023-06-14', 20.4),
(1146, '2023-06-15', 20.42),
(1146, '2023-06-16', 20.43),
(1146, '2023-06-19', 20.47),
(1146, '2023-06-20', 20.5),
(1146, '2023-06-21', 20.4),
(1146, '2023-06-22', 20.42),
(1146, '2023-06-23', 20.43),
(1146, '2023-06-26', 20.47),
(1146, '2023-06-27', 20.5),
(1146, '2023-06-28', 20.4),
(1146, '2023-06-29', 20.42),
(1146, '2023-06-30', 20.43),
(1162, '2023-05-08', 9.98),
(1162, '2023-05-09', 9.97),
(1162, '2023-05-10', 9.95),
(1162, '2023-05-11', 9.9),
(1162, '2023-05-12', 9.89),
(1162, '2023-05-13', 9.98),
(1162, '2023-05-14', 9.97),
(1162, '2023-05-15', 9.95),
(1162, '2023-05-16', 9.9),
(1162, '2023-05-17', 9.89),
(1162, '2023-05-29', 9.98),
(1162, '2023-05-30', 9.97),
(1162, '2023-05-31', 9.95),
(1162, '2023-06-01', 9.9),
(1162, '2023-06-02', 9.89),
(1162, '2023-06-12', 9.98),
(1162, '2023-06-13', 9.97),
(1162, '2023-06-14', 9.95),
(1162, '2023-06-15', 9.9),
(1162, '2023-06-16', 9.89),
(1162, '2023-06-19', 9.98),
(1162, '2023-06-20', 9.97),
(1162, '2023-06-21', 9.95),
(1162, '2023-06-22', 9.9),
(1162, '2023-06-23', 9.89),
(1162, '2023-06-26', 9.98),
(1162, '2023-06-27', 9.97),
(1162, '2023-06-28', 9.95),
(1162, '2023-06-29', 9.9),
(1162, '2023-06-30', 9.89);

-- --------------------------------------------------------

--
-- Table structure for table `products`
--

CREATE TABLE `products` (
  `Product_Id` int(11) NOT NULL,
  `Product_Name` varchar(150) NOT NULL,
  `Subcategory_Id` varchar(50) NOT NULL,
  `Product_Image` varchar(2000) NOT NULL
) ENGINE=InnoDB DEFAULT CHARSET=utf8mb4 COLLATE=utf8mb4_general_ci;

--
-- Dumping data for table `products`
--

INSERT INTO `products` (`Product_Id`, `Product_Name`, `Subcategory_Id`, `Product_Image`) VALUES
(7, 'Sprite 330ml', '3010aca5cbdc401e8dfe1d39320a8d1a', 'https://warply.s3.amazonaws.com/applications/ed840ad545884deeb6c6b699176797ed/products/Sprite_330ML_%CE%9C%CE%B5%CF%84_%CE%9A%CE%BF%CF%85%CF%84.jpg'),
(47, 'Red Bull Ενεργειακό Ποτό 250ml', '3010aca5cbdc401e8dfe1d39320a8d1a', 'https://warply.s3.amazonaws.com/applications/ed840ad545884deeb6c6b699176797ed/products/Red_Bull_%CE%95%CE%BD%CE%B5%CF%81%CE%B3%CE%B5%CE%B9%CE%B1%CE%BA%CE%BF_%CE%A0%CE%BF%CF%84%CE%BF_%CE%9A%CE%BF%CF%85%CF%84%CE%B9_250%CE%9C.jpg'),
(57, 'Moscato D\'Αsti Casarito Κρασί 750ml', '3d01f4ce48ad422b90b50c62b1f8e7f2', 'https://warply.s3.amazonaws.com/applications/ed840ad545884deeb6c6b699176797ed/products/%CE%9A%CF%81%CE%B1%CF%83%CE%B9_Moscato_Dasti_Casarito_750ML.jpg'),
(59, 'Monster Energy Drink 500ml', '3010aca5cbdc401e8dfe1d39320a8d1a', 'https://warply.s3.amazonaws.com/applications/ed840ad545884deeb6c6b699176797ed/products/Energy_Drink_Monster_500ml_%CE%9A%CE%BF%CF%85%CF%84%CE%AF.jpg'),
(63, 'Pampers Πάνες Premium Care Nο 3 5-9 κιλ 20τεμ', 'e0efaa1776714351a4c17a3a9d412602', 'https://warply.s3.amazonaws.com/applications/ed840ad545884deeb6c6b699176797ed/products/Pampers_%CE%A0%CE%AC%CE%BD%CE%B5%CF%82_Premium_Care_N%CE%BF_3_59_%CE%BA%CE%B9%CE%BB_20%CF%84%CE%B5%CE%BC.jpg'),
(88, 'Babylino Πάνες Μωρού Sensitive 16+ κιλ No 6 15τεμ', 'e0efaa1776714351a4c17a3a9d412602', 'https://warply.s3.amazonaws.com/applications/ed840ad545884deeb6c6b699176797ed/products/Babylino_%CE%A0%CE%AC%CE%BD%CE%B5%CF%82_%CE%9C%CF%89%CF%81%CE%BF%CF%8D_Sensitive_16_%CE%BA%CE%B9%CE%BB_No_6_15%CF%84%CE%B5%CE%BC.jpg'),
(94, 'Νουνού Frisogrow Γάλα 800γρ', 'fc71b59318b5410d8ed9da8b42904d77', 'https://warply.s3.amazonaws.com/applications/ed840ad545884deeb6c6b699176797ed/products/%CE%93%CE%AC%CE%BB%CE%B1_Frisogrow.jpg'),
(99, 'Libero Swimpants Πάνες Small 7-12κιλ 6τεμ', 'e0efaa1776714351a4c17a3a9d412602', 'https://warply.s3.amazonaws.com/applications/ed840ad545884deeb6c6b699176797ed/products/Libero_Swimpants_%CE%A0%CE%AC%CE%BD%CE%B5%CF%82_Small_712%CE%BA%CE%B9%CE%BB_6%CF%84%CE%B5%CE%BC.jpg'),
(172, 'Softex Χαρτοπετσέτες Λευκές 30x30 56τεμ', '034941f08ca34f7baaf5932427d7e635', 'https://warply.s3.amazonaws.com/applications/ed840ad545884deeb6c6b699176797ed/products/Softex_%CE%A7%CE%B1%CF%81%CF%84%CE%BF%CF%80%CE%B5%CF%84%CF%83%CE%AD%CF%84%CE%B5%CF%82_%CE%9B%CE%B5%CF%85%CE%BA%CE%AD%CF%82_30X30_56%CE%A4%CE%B5%CE%BC.jpg'),
(174, 'Asti Martini Αφρώδης Οίνος 0,75λιτ', '3d01f4ce48ad422b90b50c62b1f8e7f2', 'https://warply.s3.amazonaws.com/applications/ed840ad545884deeb6c6b699176797ed/products/%CE%91%CF%86%CF%81%CF%8E%CE%B4%CE%B7%CF%82_%CE%9F%CE%AF%CE%BD%CE%BF%CF%82_Asti_Martini_0%2C75l.jpg'),
(219, 'Nan Optipro 4 Γάλα Σε Σκόνη Δεύτερης Βρεφικής Ηλικίας 400γρ', 'fc71b59318b5410d8ed9da8b42904d77', 'https://warply.s3.amazonaws.com/applications/ed840ad545884deeb6c6b699176797ed/products/Nan_Optipro_4_%CE%93%CE%AC%CE%BB%CE%B1_%CE%A3%CE%B5_%CE%A3%CE%BA%CF%8C%CE%BD%CE%B7_%CE%94%CE%B5%CF%8D%CF%84%CE%B5%CF%81%CE%B7%CF%82_%CE%92%CF%81%CE%B5%CF%86%CE%B9%CE%BA%CE%AE%CF%82_%CE%97%CE%BB%CE%B9%CE%BA%CE%AF%CE%B1%CF%82_400gr.jpg'),
(256, 'Delica Χαρτομάντηλα Αυτοκινήτου Λευκά Big 150τεμ', '034941f08ca34f7baaf5932427d7e635', 'https://warply.s3.amazonaws.com/applications/ed840ad545884deeb6c6b699176797ed/products/X%CE%B1%CF%81%CF%84%CE%BF%CE%BC_Facial_Big_%CE%9B%CE%B5%CF%85%CE%BA_Delica_203%CE%93.jpg'),
(291, 'Zewa Χαρτί Υγείας Deluxe Χαμομήλι 3 Φύλλα 8τεμ 768γρ', '034941f08ca34f7baaf5932427d7e635', 'https://warply.s3.amazonaws.com/applications/ed840ad545884deeb6c6b699176797ed/products/Zewa_%CE%A7%CE%B1%CF%81%CF%84%CE%AF_%CE%A5%CE%B3%CE%B5%CE%AF%CE%B1%CF%82_Deluxe_%CE%A7%CE%B1%CE%BC%CE%BF%CE%BC%CE%AE%CE%BB%CE%B9_3_%CE%A6%CF%8D%CE%BB%CE%BB%CE%B1_8%CE%A4%CE%B5%CE%BC_768gr.jpg'),
(296, 'Omo Bianco Υγρό Αφρ Μασ Παραδοσ 30πλ', 'e60aca31a37a40db8a83ccf93bd116b1', 'https://warply.s3.amazonaws.com/applications/ed840ad545884deeb6c6b699176797ed/products/%CE%A5%CE%B3%CF%81%CE%BF_OmBianco_%CE%91%CF%86%CF%81%CE%9C%CE%B1%CF%83_%CE%A0%CE%B1%CF%81%CE%B1%CE%B4%CE%BF%CF%8330%CE%A0%CE%9B.jpg'),
(314, 'Cesar Clasicos Σκυλ/Φή Μοσχ 150γρ', '0c6e42d52765495dbbd06c189a4fc80f', 'https://warply.s3.amazonaws.com/applications/ed840ad545884deeb6c6b699176797ed/products/%CE%A3%CE%BA%CF%85%CE%BB%CE%A6%CE%B7_%CE%A3%CF%85%CE%BA%CF%89%CF%84-%CE%9C%CE%BF%CF%83%CF%87_Cesar_150%CE%93.jpg'),
(330, 'Friskies Adult Ξηρά Γατ/Φή Κουν/Κοτ/Λαχ 400γρ', '926262c303fe402a8542a5d5cf3ac7eb', 'https://warply.s3.amazonaws.com/applications/ed840ad545884deeb6c6b699176797ed/products/Friskies_Adult_%CE%9E%CE%B7%CF%81%CE%AC_%CE%A4%CF%81%CE%BF%CF%86%CE%AE_%CE%93%CE%AC%CF%84%CE%B1%CF%82_%CE%9A%CE%BF%CF%85%CE%BD%CE%AD%CE%BB%CE%B9_%CE%9A%CE%BF%CF%84%CE%BF%CF%80%CE%BF%CF%85%CE%BB%CE%BF_%26_%CE%9B%CE%B1%CF%87%CE%B1%CE%BD%CE%B9%CE%BA%CE%AC_400%CE%B3%CF%81.jpg'),
(335, 'Friskies Σκυλ/Φή Βοδ/Κοτ/Λαχ 400γρ', '0c6e42d52765495dbbd06c189a4fc80f', 'https://warply.s3.amazonaws.com/applications/ed840ad545884deeb6c6b699176797ed/products/%CE%A3%CE%BA%CF%85%CE%BB%CE%A6%CE%B7_%CE%9A%CE%BF%CF%84-%CE%9A%CE%B5%CF%86%CF%84_Friskies_400.jpg'),
(338, 'Purina Gold Gourmet Γατ/Φή Βοδ/Κοτ 85γρ', '926262c303fe402a8542a5d5cf3ac7eb', 'https://warply.s3.amazonaws.com/applications/ed840ad545884deeb6c6b699176797ed/products/%CE%93%CE%B1%CF%84%CE%BF%CF%84%CF%81_%CE%92%CE%BF%CE%B4%CE%9A%CE%BF%CF%84_Duo_Gold_Gourmet_85%CE%93.jpg'),
(419, 'Babylino Πάνες Μωρού Sensitive No 5+ Εως 27 κιλ 16τεμ', 'e0efaa1776714351a4c17a3a9d412602', 'https://warply.s3.amazonaws.com/applications/ed840ad545884deeb6c6b699176797ed/products/Babylino_%CE%A0%CE%AC%CE%BD%CE%B5%CF%82_%CE%9C%CF%89%CF%81%CE%BF%CF%8D_Sensitive_7__18_%CE%BA%CE%B9%CE%BB_No_4_20%CF%84%CE%B5%CE%BC.jpg'),
(487, 'Fairy Υγρό Πιάτων Ultra Κανονικό 900ml', 'e60aca31a37a40db8a83ccf93bd116b1', 'https://warply.s3.amazonaws.com/applications/ed840ad545884deeb6c6b699176797ed/products/Fairy_Ultra_%CE%9A%CE%B1%CE%BD%CE%BF%CE%BD%CE%B9%CE%BA%CF%8C.jpeg'),
(495, 'Οίνος Ερ Γλυκ Μαυροδάφνη Αχαΐα 375ml', '3d01f4ce48ad422b90b50c62b1f8e7f2', 'https://warply.s3.amazonaws.com/applications/ed840ad545884deeb6c6b699176797ed/products/%CE%9F%CE%B9%CE%BD%CE%BF%CF%82_%CE%95%CF%81_%CE%93%CE%BB%CF%85%CE%BA_%CE%9C%CE%B1%CF%85%CF%81%CE%BF%CE%B4%CE%B1%CF%86%CE%BD%CE%B7_%CE%91%CF%87%CE%B1%CE%B9%CE%B1_375%CE%9C.jpg'),
(592, 'Cair Αφρώδης Λευκός Ημίξηρος Οίνος 750ml', '3d01f4ce48ad422b90b50c62b1f8e7f2', 'https://warply.s3.amazonaws.com/applications/ed840ad545884deeb6c6b699176797ed/products/%CE%91%CF%86%CF%81%CF%89%CE%B4%CE%B7%CF%82_%CE%9F%CE%B9%CE%BD%CE%BF%CF%82_%CE%9A%CE%B1%CE%B9%CF%81_DSec_750ML.jpg'),
(629, 'Softex Χαρτί Υγείας Super Giga 2 Φύλλα 12τεμ', '034941f08ca34f7baaf5932427d7e635', 'https://warply.s3.amazonaws.com/applications/ed840ad545884deeb6c6b699176797ed/products/%CE%A7%CE%91%CE%A1%CE%A4%CE%99_%CE%A5%CE%93%CE%95%CE%99%CE%91%CE%A3_SUPER_GIGA_2%CE%A6%CE%A5%CE%9B%CE%9B%CE%91_12%CE%A4%CE%95%CE%9C.jpg'),
(634, 'Babylino Πάνες Μωρού Sensitive 4 - 9 κιλ No 3 22τεμ', 'e0efaa1776714351a4c17a3a9d412602', 'https://warply.s3.amazonaws.com/applications/ed840ad545884deeb6c6b699176797ed/products/Babylino_%CE%A0%CE%AC%CE%BD%CE%B5%CF%82_%CE%9C%CF%89%CF%81%CE%BF%CF%8D_Sensitive_4__9_%CE%BA%CE%B9%CE%BB_No_3_22%CF%84%CE%B5%CE%BC.jpg'),
(653, 'Pedigree Denta Stix Small Σκύλου 110γρ', '0c6e42d52765495dbbd06c189a4fc80f', 'https://warply.s3.amazonaws.com/applications/ed840ad545884deeb6c6b699176797ed/products/Pedigree_Denta_Stix_Small_Dogs_110%CE%93.jpg'),
(706, 'Coca Cola Zero 330ml', '3010aca5cbdc401e8dfe1d39320a8d1a', 'https://warply.s3.amazonaws.com/applications/ed840ad545884deeb6c6b699176797ed/products/Coca_Cola_Zero_%CE%9A%CE%BF%CF%85%CF%84%CE%AF_330ml.jpg'),
(775, 'Palmolive Υγρό Πιάτων Λεμόνι 500ml', 'e60aca31a37a40db8a83ccf93bd116b1', 'https://warply.s3.amazonaws.com/applications/ed840ad545884deeb6c6b699176797ed/products/%CE%A5%CE%B3%CF%81%CE%BF_%CE%A0%CE%B9%CE%B1%CF%84%CF%89%CE%BD_Palmolive_Lemon_500ML.jpg'),
(841, 'Pedigree Denta Stix Med Σκύλου 180γρ', '0c6e42d52765495dbbd06c189a4fc80f', 'https://warply.s3.amazonaws.com/applications/ed840ad545884deeb6c6b699176797ed/products/Pedigree_Denta_Stix_MedDogs_180%CE%93%CE%A1.jpg'),
(842, 'Purina Gold Gourmet Γατ/Φή Μους Ψάρι 85γρ', '926262c303fe402a8542a5d5cf3ac7eb', 'https://warply.s3.amazonaws.com/applications/ed840ad545884deeb6c6b699176797ed/products/%CE%93%CE%B1%CF%84%CE%A6%CE%B7_%CE%A8%CE%B1%CF%81%CE%B9_%CE%A9%CE%BA_%CE%9C%CE%BF%CF%85%CF%82_Gold_Gourmet85%CE%B3.jpg'),
(869, 'Neslac Επιδόρπιο Γάλακτος Βανίλια 4Χ100γρ', 'fc71b59318b5410d8ed9da8b42904d77', 'https://warply.s3.amazonaws.com/applications/ed840ad545884deeb6c6b699176797ed/products/Neslac_%CE%95%CF%80%CE%B9%CE%B4%CF%8C%CF%81%CF%80%CE%B9%CE%BF_%CE%93%CE%AC%CE%BB%CE%B1%CE%BA%CF%84%CE%BF%CF%82_%CE%92%CE%B1%CE%BD%CE%AF%CE%BB%CE%B9%CE%B1_4%CF%87100%CE%B3%CF%81.jpg'),
(877, 'Tide Alpine Απορ Χεριού Σκόνη 450γρ', 'e60aca31a37a40db8a83ccf93bd116b1', 'https://warply.s3.amazonaws.com/applications/ed840ad545884deeb6c6b699176797ed/products/Tide_Alpine.jpg'),
(926, 'Ρεπάνη Αγιωργίτικος Ερυθρός Οίνος 750ml', '3d01f4ce48ad422b90b50c62b1f8e7f2', 'https://warply.s3.amazonaws.com/applications/ed840ad545884deeb6c6b699176797ed/products/%CE%A1%CE%95%CE%A0%CE%91%CE%9D%CE%97_%CE%91%CE%93%CE%99%CE%A9%CE%A1%CE%93%CE%99%CE%A4%CE%99%CE%9A%CE%9F%CE%A3_%CE%95%CE%A1%CE%A5%CE%98%CE%A1%CE%9F%CE%A3_%CE%9F%CE%99%CE%9D%CE%9F%CE%A3_750ML.jpg'),
(957, 'Friskies Γατ/Φή Πατέ Μοσχάρι 400γρ', '926262c303fe402a8542a5d5cf3ac7eb', 'https://warply.s3.amazonaws.com/applications/ed840ad545884deeb6c6b699176797ed/products/%CE%93%CE%B1%CF%84%CE%A6%CE%B7_%CE%9C%CE%BF%CF%83%CF%87%CE%B1%CF%81%CE%B9_%CE%A0%CE%B1%CF%84%CE%B5_Friskies_400%CE%93%CE%A1.jpg'),
(983, 'Zewa Χαρ Υγείας Ultra Soft 8τεμ 912γρ', '034941f08ca34f7baaf5932427d7e635', 'https://warply.s3.amazonaws.com/applications/ed840ad545884deeb6c6b699176797ed/products/ZEWA_%CE%A5%CE%93EXCLUSULTRA_SOFT_8%CE%A4_912%CE%93%CE%A1.jpg'),
(1008, 'Tuborg Club Σόδα 500ml', '3010aca5cbdc401e8dfe1d39320a8d1a', 'https://warply.s3.amazonaws.com/applications/ed840ad545884deeb6c6b699176797ed/products/%CE%A3%CE%BF%CE%B4%CE%B1_Tuborg_Club_%CE%A6%CE%B9%CE%B1%CE%BB%CE%B7_%CE%A1%CE%B5%CF%84_500ML.jpg'),
(1037, 'Nestle Ρόφημα Γαλακτ Junior 2+ Rtd 1λιτ', 'fc71b59318b5410d8ed9da8b42904d77', 'https://warply.s3.amazonaws.com/applications/ed840ad545884deeb6c6b699176797ed/products/%CE%A1%CF%8C%CF%86%CE%B7%CE%BC%CE%B1_%CE%93%CE%B1%CE%BB%CE%B1%CE%BA%CF%84.Nestle_Junior_Rtd_1l.png'),
(1042, 'Whiskas Γατ/Φή Πουλ Σε Σάλτσα 100γρ', '926262c303fe402a8542a5d5cf3ac7eb', 'https://warply.s3.amazonaws.com/applications/ed840ad545884deeb6c6b699176797ed/products/%CE%93%CE%B1%CF%84%CE%A6%CE%B7_Whiskas_%CE%A0%CE%BF%CF%85%CE%BB_%CE%A3%CE%B5_%CE%A3%CE%B1%CE%BB%CF%84%CF%83%CE%B1_100%CE%93%CE%A1.jpg'),
(1083, 'Pedigree Schmackos Μπισκότα Σκύλου 43γρ', '0c6e42d52765495dbbd06c189a4fc80f', 'https://warply.s3.amazonaws.com/applications/ed840ad545884deeb6c6b699176797ed/products/%CE%9C%CF%80%CE%B9%CF%83%CE%BA%CE%BF%CF%84%CE%B1_%CE%A3%CE%BA%CF%85%CE%BB%CE%BF%CF%85_Schmakos_43%CE%93%CE%A1.jpg'),
(1146, 'Almiron-3 Γάλα Σε Σκόνη Τρίτης Βρεφικής Ηλικίας 800γρ', 'fc71b59318b5410d8ed9da8b42904d77', 'https://warply.s3.amazonaws.com/applications/ed840ad545884deeb6c6b699176797ed/products/Almiron-3_%CE%93%CE%AC%CE%BB%CE%B1_%CE%A3%CE%B5_%CE%A3%CE%BA%CF%8C%CE%BD%CE%B7_%CE%A4%CF%81%CE%AF%CF%84%CE%B7%CF%82_%CE%92%CF%81%CE%B5%CF%86%CE%B9%CE%BA%CE%AE%CF%82_%CE%97%CE%BB%CE%B9%CE%BA%CE%AF%CE%B1%CF%82_800gr.jpg'),
(1162, 'Ariel Υγρό Απορρυπαντικό Ρούχων Alpine 28μεζ', 'e60aca31a37a40db8a83ccf93bd116b1', 'https://warply.s3.amazonaws.com/applications/ed840ad545884deeb6c6b699176797ed/products/Ariel_%CE%A5%CE%B3%CF%81%CF%8C_%CE%91%CF%80%CE%BF%CF%81%CF%81%CF%85%CF%80%CE%B1%CE%BD%CF%84%CE%B9%CE%BA%CF%8C_%CE%A1%CE%BF%CF%8D%CF%89%CE%BD_Alpine_28%CE%BC%CE%B5%CE%B6.jpg');

-- --------------------------------------------------------

--
-- Table structure for table `ratings`
--

CREATE TABLE `ratings` (
  `Rating_Id` int(11) NOT NULL,
  `User_Id` int(11) NOT NULL,
  `Offer_Id` int(11) NOT NULL,
  `Is_Positive` tinyint(1) NOT NULL
) ENGINE=InnoDB DEFAULT CHARSET=utf8mb4 COLLATE=utf8mb4_general_ci;

--
-- Dumping data for table `ratings`
--

INSERT INTO `ratings` (`Rating_Id`, `User_Id`, `Offer_Id`, `Is_Positive`) VALUES
(236, 20, 81, 1),
(237, 20, 92, 0),
(252, 17, 81, 1),
(253, 17, 92, 1),
(254, 18, 81, 1),
(255, 18, 106, 1),
(256, 18, 104, 0),
(257, 18, 85, 1),
(258, 17, 108, 1),
(259, 17, 85, 1);

-- --------------------------------------------------------

--
-- Table structure for table `users`
--

CREATE TABLE `users` (
  `User_Id` int(11) NOT NULL,
  `Username` varchar(50) NOT NULL,
  `Password` varchar(60) NOT NULL,
  `Email` varchar(50) NOT NULL,
  `Monthly_Score` int(11) NOT NULL DEFAULT 0,
  `Global_Score` int(11) NOT NULL DEFAULT 0,
  `Monthly_Tokens` int(11) NOT NULL DEFAULT 0,
  `Global_Tokens` int(11) NOT NULL DEFAULT 0,
  `Is_Admin` tinyint(1) NOT NULL DEFAULT 0
) ENGINE=InnoDB DEFAULT CHARSET=utf8mb4 COLLATE=utf8mb4_general_ci;

--
-- Dumping data for table `users`
--

INSERT INTO `users` (`User_Id`, `Username`, `Password`, `Email`, `Monthly_Score`, `Global_Score`, `Monthly_Tokens`, `Global_Tokens`, `Is_Admin`) VALUES
(1, 'admin1', '$2y$10$o1q8wTvxu7Mj0a9LI/pqd.V.cXhlbCkNJOSVD.7RXjDQfvOs03Pw6', '', 95, 95, 0, 0, 1),
(17, 'hi', '$2y$10$lnLGYyrrQK1LPiWK9VaO8uJgIntQvk58H2pTAYEztL8vFAlRLmYfy', 'hi@gmail.com', 510, 510, 0, 0, 0),
(18, 'test2', '$2y$10$7AmofwE5n8kcuLWJgoLqiuWBk3uROanHfCcV0Jdn10HyCd/Ou5mCa', 'test2@gmail.com', 149, 149, 0, 0, 0),
(19, 'test1', '$2y$10$OOFVJu/9gIe1dLjBejQXMeXRxqPc0VEZCzdnvcXGh4fZxHBqSQFEm', 'test1@gmail.com', 144, 144, 0, 0, 0),
(20, 'kostas', '$2y$10$Y5vme8hJADTxZ9rRxP/e3u/gbzNA7WYaFPfeAlA87fomxhIisUdX6', 'kostas@gmail.com', 310, 310, 0, 0, 0);

--
-- Indexes for dumped tables
--

--
-- Indexes for table `categories`
--
ALTER TABLE `categories`
  ADD PRIMARY KEY (`Category_Id`),
  ADD UNIQUE KEY `Category_Name` (`Category_Name`),
  ADD KEY `Category_Parent_Id` (`Category_Parent_Id`);

--
-- Indexes for table `offers`
--
ALTER TABLE `offers`
  ADD PRIMARY KEY (`Offer_Id`),
  ADD KEY `User_Id` (`User_Id`),
  ADD KEY `Product_Id` (`Product_Id`),
  ADD KEY `End_Date` (`End_Date`),
  ADD KEY `Poi_Id` (`Poi_Id`,`Product_Id`);

--
-- Indexes for table `poi`
--
ALTER TABLE `poi`
  ADD PRIMARY KEY (`Poi_Id`);

--
-- Indexes for table `prices`
--
ALTER TABLE `prices`
  ADD PRIMARY KEY (`Product_Id`,`Date`),
  ADD KEY `Date` (`Date`);

--
-- Indexes for table `products`
--
ALTER TABLE `products`
  ADD PRIMARY KEY (`Product_Id`),
  ADD UNIQUE KEY `Product_Name` (`Product_Name`),
  ADD KEY `Subcategory_Id` (`Subcategory_Id`);

--
-- Indexes for table `ratings`
--
ALTER TABLE `ratings`
  ADD PRIMARY KEY (`Rating_Id`),
  ADD KEY `User_Id` (`User_Id`),
  ADD KEY `Offer_Id` (`Offer_Id`);

--
-- Indexes for table `users`
--
ALTER TABLE `users`
  ADD PRIMARY KEY (`User_Id`),
  ADD UNIQUE KEY `Username` (`Username`),
  ADD KEY `Is_Admin` (`Is_Admin`);

--
-- AUTO_INCREMENT for dumped tables
--

--
-- AUTO_INCREMENT for table `offers`
--
ALTER TABLE `offers`
  MODIFY `Offer_Id` int(11) NOT NULL AUTO_INCREMENT, AUTO_INCREMENT=115;

--
-- AUTO_INCREMENT for table `products`
--
ALTER TABLE `products`
  MODIFY `Product_Id` int(11) NOT NULL AUTO_INCREMENT, AUTO_INCREMENT=1275;

--
-- AUTO_INCREMENT for table `ratings`
--
ALTER TABLE `ratings`
  MODIFY `Rating_Id` int(11) NOT NULL AUTO_INCREMENT, AUTO_INCREMENT=260;

--
-- AUTO_INCREMENT for table `users`
--
ALTER TABLE `users`
  MODIFY `User_Id` int(11) NOT NULL AUTO_INCREMENT, AUTO_INCREMENT=23;

--
-- Constraints for dumped tables
--

--
-- Constraints for table `offers`
--
ALTER TABLE `offers`
  ADD CONSTRAINT `offers_ibfk_1` FOREIGN KEY (`Poi_Id`) REFERENCES `poi` (`Poi_Id`) ON DELETE CASCADE ON UPDATE CASCADE,
  ADD CONSTRAINT `offers_ibfk_2` FOREIGN KEY (`User_Id`) REFERENCES `users` (`User_Id`) ON DELETE NO ACTION ON UPDATE NO ACTION,
  ADD CONSTRAINT `offers_ibfk_3` FOREIGN KEY (`Product_Id`) REFERENCES `products` (`Product_Id`) ON DELETE CASCADE ON UPDATE CASCADE;

--
-- Constraints for table `prices`
--
ALTER TABLE `prices`
  ADD CONSTRAINT `prices_ibfk_1` FOREIGN KEY (`Product_Id`) REFERENCES `products` (`Product_Id`) ON DELETE CASCADE ON UPDATE CASCADE;

--
-- Constraints for table `products`
--
ALTER TABLE `products`
  ADD CONSTRAINT `products_ibfk_1` FOREIGN KEY (`Subcategory_Id`) REFERENCES `categories` (`Category_Id`) ON DELETE CASCADE ON UPDATE CASCADE;

--
-- Constraints for table `ratings`
--
ALTER TABLE `ratings`
  ADD CONSTRAINT `ratings_ibfk_1` FOREIGN KEY (`User_Id`) REFERENCES `users` (`User_Id`) ON DELETE NO ACTION ON UPDATE NO ACTION,
  ADD CONSTRAINT `ratings_ibfk_2` FOREIGN KEY (`Offer_Id`) REFERENCES `offers` (`Offer_Id`) ON DELETE CASCADE ON UPDATE CASCADE;
COMMIT;

/*!40101 SET CHARACTER_SET_CLIENT=@OLD_CHARACTER_SET_CLIENT */;
/*!40101 SET CHARACTER_SET_RESULTS=@OLD_CHARACTER_SET_RESULTS */;
/*!40101 SET COLLATION_CONNECTION=@OLD_COLLATION_CONNECTION */;
