[
  {
    "product_id": 1042,
    "product_price1": 0.56,
    "date1": "2023-6-12",
    "product_price2": 0.57,
    "date2": "2023-6-13",
    "product_price3": 0.55,
    "date3": "2023-6-14",
    "product_price4": 0.55,
    "date4": "2023-6-15",
    "product_price5": 0.54,
    "date5": "2023-6-16"
  },
  {
    "product_id": 338,
    "product_price1": 0.79,
    "date1": "2023-6-12",
    "product_price2": 0.8,
    "date2": "2023-6-13",
    "product_price3": 0.82,
    "date3": "2023-6-14",
    "product_price4": 0.83,
    "date4": "2023-6-15",
    "product_price5": 0.85,
    "date5": "2023-6-16"
  },
  {
    "product_id": 842,
    "product_price1": 0.8,
    "date1": "2023-6-12",
    "product_price2": 0.82,
    "date2": "2023-6-13",
    "product_price3": 0.83,
    "date3": "2023-6-14",
    "product_price4": 0.84,
    "date4": "2023-6-15",
    "product_price5": 0.84,
    "date5": "2023-6-16"
  },
  {
    "product_id": 957,
    "product_price1": 1.62,
    "date1": "2023-6-12",
    "product_price2": 1.65,
    "date2": "2023-6-13",
    "product_price3": 1.64,
    "date3": "2023-6-14",
    "product_price4": 1.67,
    "date4": "2023-6-15",
    "product_price5": 1.66,
    "date5": "2023-6-16"
  },
  {
    "product_id": 330,
    "product_price1": 2.32,
    "date1": "2023-6-12",
    "product_price2": 2.3,
    "date2": "2023-6-13",
    "product_price3": 2.28,
    "date3": "2023-6-14",
    "product_price4": 2.27,
    "date4": "2023-6-15",
    "product_price5": 2.25,
    "date5": "2023-6-16"
  },
  {
    "product_id": 1083,
    "product_price1": 1.09,
    "date1": "2023-6-12",
    "product_price2": 1.1,
    "date2": "2023-6-13",
    "product_price3": 1.11,
    "date3": "2023-6-14",
    "product_price4": 1.13,
    "date4": "2023-6-15",
    "product_price5": 1.14,
    "date5": "2023-6-16"
  },
  {
    "product_id": 314,
    "product_price1": 1.42,
    "date1": "2023-6-12",
    "product_price2": 1.41,
    "date2": "2023-6-13",
    "product_price3": 1.39,
    "date3": "2023-6-14",
    "product_price4": 1.38,
    "date4": "2023-6-15",
    "product_price5": 1.35,
    "date5": "2023-6-16"
  },
  {
    "product_id": 335,
    "product_price1": 1.45,
    "date1": "2023-6-12",
    "product_price2": 1.46,
    "date2": "2023-6-13",
    "product_price3": 1.48,
    "date3": "2023-6-14",
    "product_price4": 1.5,
    "date4": "2023-6-15",
    "product_price5": 1.5,
    "date5": "2023-6-16"
  },
  {
    "product_id": 841,
    "product_price1": 2.6,
    "date1": "2023-6-12",
    "product_price2": 2.58,
    "date2": "2023-6-13",
    "product_price3": 2.57,
    "date3": "2023-6-14",
    "product_price4": 2.57,
    "date4": "2023-6-15",
    "product_price5": 2.55,
    "date5": "2023-6-16"
  },
  {
    "product_id": 653,
    "product_price1": 2.51,
    "date1": "2023-6-12",
    "product_price2": 2.5,
    "date2": "2023-6-13",
    "product_price3": 2.47,
    "date3": "2023-6-14",
    "product_price4": 2.46,
    "date4": "2023-6-15",
    "product_price5": 2.4,
    "date5": "2023-6-16"
  },
  {
    "product_id": 775,
    "product_price1": 1.45,
    "date1": "2023-6-12",
    "product_price2": 1.43,
    "date2": "2023-6-13",
    "product_price3": 1.42,
    "date3": "2023-6-14",
    "product_price4": 1.39,
    "date4": "2023-6-15",
    "product_price5": 1.38,
    "date5": "2023-6-16"
  },
  {
    "product_id": 877,
    "product_price1": 2.38,
    "date1": "2023-6-12",
    "product_price2": 2.39,
    "date2": "2023-6-13",
    "product_price3": 2.41,
    "date3": "2023-6-14",
    "product_price4": 2.45,
    "date4": "2023-6-15",
    "product_price5": 2.45,
    "date5": "2023-6-16"
  },
  {
    "product_id": 487,
    "product_price1": 3.85,
    "date1": "2023-6-12",
    "product_price2": 3.84,
    "date2": "2023-6-13",
    "product_price3": 3.8,
    "date3": "2023-6-14",
    "product_price4": 3.81,
    "date4": "2023-6-15",
    "product_price5": 3.75,
    "date5": "2023-6-16"
  },
  {
    "product_id": 296,
    "product_price1": 5.15,
    "date1": "2023-6-12",
    "product_price2": 5.16,
    "date2": "2023-6-13",
    "product_price3": 5.2,
    "date3": "2023-6-14",
    "product_price4": 5.25,
    "date4": "2023-6-15",
    "product_price5": 5.28,
    "date5": "2023-6-16"
  },
  {
    "product_id": 1162,
    "product_price1": 9.98,
    "date1": "2023-6-12",
    "product_price2": 9.97,
    "date2": "2023-6-13",
    "product_price3": 9.95,
    "date3": "2023-6-14",
    "product_price4": 9.9,
    "date4": "2023-6-15",
    "product_price5": 9.89,
    "date5": "2023-6-16"
  },
  {
    "product_id": 172,
    "product_price1": 0.82,
    "date1": "2023-6-12",
    "product_price2": 0.83,
    "date2": "2023-6-13",
    "product_price3": 0.85,
    "date3": "2023-6-14",
    "product_price4": 0.86,
    "date4": "2023-6-15",
    "product_price5": 0.87,
    "date5": "2023-6-16"
  },
  {
    "product_id": 256,
    "product_price1": 2.64,
    "date1": "2023-6-12",
    "product_price2": 2.64,
    "date2": "2023-6-13",
    "product_price3": 2.65,
    "date3": "2023-6-14",
    "product_price4": 2.63,
    "date4": "2023-6-15",
    "product_price5": 2.6,
    "date5": "2023-6-16"
  },
  {
    "product_id": 291,
    "product_price1": 4.31,
    "date1": "2023-6-12",
    "product_price2": 4.3,
    "date2": "2023-6-13",
    "product_price3": 4.28,
    "date3": "2023-6-14",
    "product_price4": 4.27,
    "date4": "2023-6-15",
    "product_price5": 4.27,
    "date5": "2023-6-16"
  },
  {
    "product_id": 983,
    "product_price1": 5.76,
    "date1": "2023-6-12",
    "product_price2": 5.77,
    "date2": "2023-6-13",
    "product_price3": 5.79,
    "date3": "2023-6-14",
    "product_price4": 5.81,
    "date4": "2023-6-15",
    "product_price5": 5.82,
    "date5": "2023-6-16"
  },
  {
    "product_id": 629,
    "product_price1": 13.2,
    "date1": "2023-6-12",
    "product_price2": 13.25,
    "date2": "2023-6-13",
    "product_price3": 13.3,
    "date3": "2023-6-14",
    "product_price4": 13.6,
    "date4": "2023-6-15",
    "product_price5": 13.5,
    "date5": "2023-6-16"
  },
  {
    "product_id": 63,
    "product_price1": 7.42,
    "date1": "2023-6-12",
    "product_price2": 7.4,
    "date2": "2023-6-13",
    "product_price3": 7.43,
    "date3": "2023-6-14",
    "product_price4": 7.45,
    "date4": "2023-6-15",
    "product_price5": 7.5,
    "date5": "2023-6-16"
  },
  {
    "product_id": 634,
    "product_price1": 5.4,
    "date1": "2023-6-12",
    "product_price2": 5.42,
    "date2": "2023-6-13",
    "product_price3": 5.44,
    "date3": "2023-6-14",
    "product_price4": 5.46,
    "date4": "2023-6-15",
    "product_price5": 5.47,
    "date5": "2023-6-16"
  },
  {
    "product_id": 88,
    "product_price1": 7.2,
    "date1": "2023-6-12",
    "product_price2": 7.15,
    "date2": "2023-6-13",
    "product_price3": 7.1,
    "date3": "2023-6-14",
    "product_price4": 7.2,
    "date4": "2023-6-15",
    "product_price5": 7,
    "date5": "2023-6-16"
  },
  {
    "product_id": 99,
    "product_price1": 4.3,
    "date1": "2023-6-12",
    "product_price2": 4.32,
    "date2": "2023-6-13",
    "product_price3": 4.24,
    "date3": "2023-6-14",
    "product_price4": 4.34,
    "date4": "2023-6-15",
    "product_price5": 4.2,
    "date5": "2023-6-16"
  },
  {
    "product_id": 419,
    "product_price1": 5.5,
    "date1": "2023-6-12",
    "product_price2": 5.6,
    "date2": "2023-6-13",
    "product_price3": 5.7,
    "date3": "2023-6-14",
    "product_price4": 5.8,
    "date4": "2023-6-15",
    "product_price5": 5.9,
    "date5": "2023-6-16"
  },
  {
    "product_id": 1037,
    "product_price1": 2.25,
    "date1": "2023-6-12",
    "product_price2": 2.3,
    "date2": "2023-6-13",
    "product_price3": 2.24,
    "date3": "2023-6-14",
    "product_price4": 2.3,
    "date4": "2023-6-15",
    "product_price5": 2.23,
    "date5": "2023-6-16"
  },
  {
    "product_id": 869,
    "product_price1": 3.3,
    "date1": "2023-6-12",
    "product_price2": 3.28,
    "date2": "2023-6-13",
    "product_price3": 3.27,
    "date3": "2023-6-14",
    "product_price4": 3.22,
    "date4": "2023-6-15",
    "product_price5": 3.21,
    "date5": "2023-6-16"
  },
  {
    "product_id": 219,
    "product_price1": 10.1,
    "date1": "2023-6-12",
    "product_price2": 10.2,
    "date2": "2023-6-13",
    "product_price3": 10.5,
    "date3": "2023-6-14",
    "product_price4": 11,
    "date4": "2023-6-15",
    "product_price5": 10.3,
    "date5": "2023-6-16"
  },
  {
    "product_id": 94,
    "product_price1": 19,
    "date1": "2023-6-12",
    "product_price2": 19.2,
    "date2": "2023-6-13",
    "product_price3": 19.4,
    "date3": "2023-6-14",
    "product_price4": 19.5,
    "date4": "2023-6-15",
    "product_price5": 19.7,
    "date5": "2023-6-16"
  },
  {
    "product_id": 1146,
    "product_price1": 20.47,
    "date1": "2023-6-12",
    "product_price2": 20.5,
    "date2": "2023-6-13",
    "product_price3": 20.4,
    "date3": "2023-6-14",
    "product_price4": 20.42,
    "date4": "2023-6-15",
    "product_price5": 20.43,
    "date5": "2023-6-16"
  },
  {
    "product_id": 495,
    "product_price1": 4,
    "date1": "2023-6-12",
    "product_price2": 4.2,
    "date2": "2023-6-13",
    "product_price3": 4.1,
    "date3": "2023-6-14",
    "product_price4": 4.2,
    "date4": "2023-6-15",
    "product_price5": 4.2,
    "date5": "2023-6-16"
  },
  {
    "product_id": 926,
    "product_price1": 4.46,
    "date1": "2023-6-12",
    "product_price2": 4.47,
    "date2": "2023-6-13",
    "product_price3": 4.9,
    "date3": "2023-6-14",
    "product_price4": 4.6,
    "date4": "2023-6-15",
    "product_price5": 4.3,
    "date5": "2023-6-16"
  },
  {
    "product_id": 57,
    "product_price1": 9.14,
    "date1": "2023-6-12",
    "product_price2": 9.15,
    "date2": "2023-6-13",
    "product_price3": 9.16,
    "date3": "2023-6-14",
    "product_price4": 9.15,
    "date4": "2023-6-15",
    "product_price5": 9.15,
    "date5": "2023-6-16"
  },
  {
    "product_id": 592,
    "product_price1": 10.08,
    "date1": "2023-6-12",
    "product_price2": 10.09,
    "date2": "2023-6-13",
    "product_price3": 10.07,
    "date3": "2023-6-14",
    "product_price4": 10.08,
    "date4": "2023-6-15",
    "product_price5": 10.1,
    "date5": "2023-6-16"
  },
  {
    "product_id": 174,
    "product_price1": 11.1,
    "date1": "2023-6-12",
    "product_price2": 11.12,
    "date2": "2023-6-13",
    "product_price3": 11.1,
    "date3": "2023-6-14",
    "product_price4": 11,
    "date4": "2023-6-15",
    "product_price5": 10.98,
    "date5": "2023-6-16"
  },
  {
    "product_id": 7,
    "product_price1": 0.68,
    "date1": "2023-6-12",
    "product_price2": 0.67,
    "date2": "2023-6-13",
    "product_price3": 0.67,
    "date3": "2023-6-14",
    "product_price4": 0.66,
    "date4": "2023-6-15",
    "product_price5": 0.67,
    "date5": "2023-6-16"
  },
  {
    "product_id": 706,
    "product_price1": 0.79,
    "date1": "2023-6-12",
    "product_price2": 0.8,
    "date2": "2023-6-13",
    "product_price3": 0.81,
    "date3": "2023-6-14",
    "product_price4": 0.79,
    "date4": "2023-6-15",
    "product_price5": 0.8,
    "date5": "2023-6-16"
  },
  {
    "product_id": 47,
    "product_price1": 1.03,
    "date1": "2023-6-12",
    "product_price2": 1.02,
    "date2": "2023-6-13",
    "product_price3": 1.03,
    "date3": "2023-6-14",
    "product_price4": 1.04,
    "date4": "2023-6-15",
    "product_price5": 1.05,
    "date5": "2023-6-16"
  },
  {
    "product_id": 59,
    "product_price1": 1.52,
    "date1": "2023-6-12",
    "product_price2": 1.53,
    "date2": "2023-6-13",
    "product_price3": 1.52,
    "date3": "2023-6-14",
    "product_price4": 1.53,
    "date4": "2023-6-15",
    "product_price5": 1.54,
    "date5": "2023-6-16"
  },
  {
    "product_id": 1008,
    "product_price1": 0.66,
    "date1": "2023-6-12",
    "product_price2": 0.67,
    "date2": "2023-6-13",
    "product_price3": 0.66,
    "date3": "2023-6-14",
    "product_price4": 0.65,
    "date4": "2023-6-15",
    "product_price5": 0.66,
    "date5": "2023-6-16"
  }
]