[
  {
    "product_id": 1042,
    "product_price1": 0.56,
    "date1": "2023-5-8",
    "product_price2": 0.57,
    "date2": "2023-5-9",
    "product_price3": 0.55,
    "date3": "2023-5-10",
    "product_price4": 0.55,
    "date4": "2023-5-11",
    "product_price5": 0.54,
    "date5": "2023-5-12",
    "product_image": "https://warply.s3.amazonaws.com/applications/ed840ad545884deeb6c6b699176797ed/products/%CE%93%CE%B1%CF%84%CE%A6%CE%B7_Whiskas_%CE%A0%CE%BF%CF%85%CE%BB_%CE%A3%CE%B5_%CE%A3%CE%B1%CE%BB%CF%84%CF%83%CE%B1_100%CE%93%CE%A1.jpg"
  },
  {
    "product_id": 338,
    "product_price1": 0.79,
    "date1": "2023-5-8",
    "product_price2": 0.8,
    "date2": "2023-5-9",
    "product_price3": 0.82,
    "date3": "2023-5-10",
    "product_price4": 0.83,
    "date4": "2023-5-11",
    "product_price5": 0.85,
    "date5": "2023-5-12",
    "product_image": "https://warply.s3.amazonaws.com/applications/ed840ad545884deeb6c6b699176797ed/products/%CE%93%CE%B1%CF%84%CE%BF%CF%84%CF%81_%CE%92%CE%BF%CE%B4%CE%9A%CE%BF%CF%84_Duo_Gold_Gourmet_85%CE%93.jpg"
  },
  {
    "product_id": 842,
    "product_price1": 0.8,
    "date1": "2023-5-8",
    "product_price2": 0.82,
    "date2": "2023-5-9",
    "product_price3": 0.83,
    "date3": "2023-5-10",
    "product_price4": 0.84,
    "date4": "2023-5-11",
    "product_price5": 0.84,
    "date5": "2023-5-12",
    "product_image": "https://warply.s3.amazonaws.com/applications/ed840ad545884deeb6c6b699176797ed/products/%CE%93%CE%B1%CF%84%CE%A6%CE%B7_%CE%A8%CE%B1%CF%81%CE%B9_%CE%A9%CE%BA_%CE%9C%CE%BF%CF%85%CF%82_Gold_Gourmet85%CE%B3.jpg"
  },
  {
    "product_id": 957,
    "product_price1": 1.62,
    "date1": "2023-5-8",
    "product_price2": 1.65,
    "date2": "2023-5-9",
    "product_price3": 1.64,
    "date3": "2023-5-10",
    "product_price4": 1.67,
    "date4": "2023-5-11",
    "product_price5": 1.66,
    "date5": "2023-5-12",
    "product_image": "https://warply.s3.amazonaws.com/applications/ed840ad545884deeb6c6b699176797ed/products/%CE%93%CE%B1%CF%84%CE%A6%CE%B7_%CE%9C%CE%BF%CF%83%CF%87%CE%B1%CF%81%CE%B9_%CE%A0%CE%B1%CF%84%CE%B5_Friskies_400%CE%93%CE%A1.jpg"
  },
  {
    "product_id": 330,
    "product_price1": 2.32,
    "date1": "2023-5-8",
    "product_price2": 2.3,
    "date2": "2023-5-9",
    "product_price3": 2.28,
    "date3": "2023-5-10",
    "product_price4": 2.27,
    "date4": "2023-5-11",
    "product_price5": 2.25,
    "date5": "2023-5-12",
    "product_image": "https://warply.s3.amazonaws.com/applications/ed840ad545884deeb6c6b699176797ed/products/Friskies_Adult_%CE%9E%CE%B7%CF%81%CE%AC_%CE%A4%CF%81%CE%BF%CF%86%CE%AE_%CE%93%CE%AC%CF%84%CE%B1%CF%82_%CE%9A%CE%BF%CF%85%CE%BD%CE%AD%CE%BB%CE%B9_%CE%9A%CE%BF%CF%84%CE%BF%CF%80%CE%BF%CF%85%CE%BB%CE%BF_%26_%CE%9B%CE%B1%CF%87%CE%B1%CE%BD%CE%B9%CE%BA%CE%AC_400%CE%B3%CF%81.jpg"
  },
  {
    "product_id": 1083,
    "product_price1": 1.09,
    "date1": "2023-5-8",
    "product_price2": 1.1,
    "date2": "2023-5-9",
    "product_price3": 1.11,
    "date3": "2023-5-10",
    "product_price4": 1.13,
    "date4": "2023-5-11",
    "product_price5": 1.14,
    "date5": "2023-5-12",
    "product_image": "https://warply.s3.amazonaws.com/applications/ed840ad545884deeb6c6b699176797ed/products/%CE%9C%CF%80%CE%B9%CF%83%CE%BA%CE%BF%CF%84%CE%B1_%CE%A3%CE%BA%CF%85%CE%BB%CE%BF%CF%85_Schmakos_43%CE%93%CE%A1.jpg"
  },
  {
    "product_id": 314,
    "product_price1": 1.42,
    "date1": "2023-5-8",
    "product_price2": 1.41,
    "date2": "2023-5-9",
    "product_price3": 1.39,
    "date3": "2023-5-10",
    "product_price4": 1.38,
    "date4": "2023-5-11",
    "product_price5": 1.35,
    "date5": "2023-5-12",
    "product_image": "https://warply.s3.amazonaws.com/applications/ed840ad545884deeb6c6b699176797ed/products/%CE%A3%CE%BA%CF%85%CE%BB%CE%A6%CE%B7_%CE%A3%CF%85%CE%BA%CF%89%CF%84-%CE%9C%CE%BF%CF%83%CF%87_Cesar_150%CE%93.jpg"
  },
  {
    "product_id": 335,
    "product_price1": 1.45,
    "date1": "2023-5-8",
    "product_price2": 1.46,
    "date2": "2023-5-9",
    "product_price3": 1.48,
    "date3": "2023-5-10",
    "product_price4": 1.5,
    "date4": "2023-5-11",
    "product_price5": 1.5,
    "date5": "2023-5-12",
    "product_image": "https://warply.s3.amazonaws.com/applications/ed840ad545884deeb6c6b699176797ed/products/%CE%A3%CE%BA%CF%85%CE%BB%CE%A6%CE%B7_%CE%9A%CE%BF%CF%84-%CE%9A%CE%B5%CF%86%CF%84_Friskies_400.jpg"
  },
  {
    "product_id": 841,
    "product_price1": 2.6,
    "date1": "2023-5-8",
    "product_price2": 2.58,
    "date2": "2023-5-9",
    "product_price3": 2.57,
    "date3": "2023-5-10",
    "product_price4": 2.57,
    "date4": "2023-5-11",
    "product_price5": 2.55,
    "date5": "2023-5-12",
    "product_image": "https://warply.s3.amazonaws.com/applications/ed840ad545884deeb6c6b699176797ed/products/Pedigree_Denta_Stix_MedDogs_180%CE%93%CE%A1.jpg"
  },
  {
    "product_id": 653,
    "product_price1": 2.51,
    "date1": "2023-5-8",
    "product_price2": 2.5,
    "date2": "2023-5-9",
    "product_price3": 2.47,
    "date3": "2023-5-10",
    "product_price4": 2.46,
    "date4": "2023-5-11",
    "product_price5": 2.4,
    "date5": "2023-5-12",
    "product_image": "https://warply.s3.amazonaws.com/applications/ed840ad545884deeb6c6b699176797ed/products/Pedigree_Denta_Stix_Small_Dogs_110%CE%93.jpg"
  },
  {
    "product_id": 775,
    "product_price1": 1.45,
    "date1": "2023-5-8",
    "product_price2": 1.43,
    "date2": "2023-5-9",
    "product_price3": 1.42,
    "date3": "2023-5-10",
    "product_price4": 1.39,
    "date4": "2023-5-11",
    "product_price5": 1.38,
    "date5": "2023-5-12",
    "product_image": "https://warply.s3.amazonaws.com/applications/ed840ad545884deeb6c6b699176797ed/products/%CE%A5%CE%B3%CF%81%CE%BF_%CE%A0%CE%B9%CE%B1%CF%84%CF%89%CE%BD_Palmolive_Lemon_500ML.jpg"
  },
  {
    "product_id": 877,
    "product_price1": 2.38,
    "date1": "2023-5-8",
    "product_price2": 2.39,
    "date2": "2023-5-9",
    "product_price3": 2.41,
    "date3": "2023-5-10",
    "product_price4": 2.45,
    "date4": "2023-5-11",
    "product_price5": 2.45,
    "date5": "2023-5-12",
    "product_image": "https://warply.s3.amazonaws.com/applications/ed840ad545884deeb6c6b699176797ed/products/Tide_Alpine.jpg"
  },
  {
    "product_id": 487,
    "product_price1": 3.85,
    "date1": "2023-5-8",
    "product_price2": 3.84,
    "date2": "2023-5-9",
    "product_price3": 3.8,
    "date3": "2023-5-10",
    "product_price4": 3.81,
    "date4": "2023-5-11",
    "product_price5": 3.75,
    "date5": "2023-5-12",
    "product_image": "https://warply.s3.amazonaws.com/applications/ed840ad545884deeb6c6b699176797ed/products/Fairy_Ultra_%CE%9A%CE%B1%CE%BD%CE%BF%CE%BD%CE%B9%CE%BA%CF%8C.jpeg"
  },
  {
    "product_id": 296,
    "product_price1": 5.15,
    "date1": "2023-5-8",
    "product_price2": 5.16,
    "date2": "2023-5-9",
    "product_price3": 5.2,
    "date3": "2023-5-10",
    "product_price4": 5.25,
    "date4": "2023-5-11",
    "product_price5": 5.28,
    "date5": "2023-5-12",
    "product_image": "https://warply.s3.amazonaws.com/applications/ed840ad545884deeb6c6b699176797ed/products/%CE%A5%CE%B3%CF%81%CE%BF_OmBianco_%CE%91%CF%86%CF%81%CE%9C%CE%B1%CF%83_%CE%A0%CE%B1%CF%81%CE%B1%CE%B4%CE%BF%CF%8330%CE%A0%CE%9B.jpg"
  },
  {
    "product_id": 1162,
    "product_price1": 9.98,
    "date1": "2023-5-8",
    "product_price2": 9.97,
    "date2": "2023-5-9",
    "product_price3": 9.95,
    "date3": "2023-5-10",
    "product_price4": 9.9,
    "date4": "2023-5-11",
    "product_price5": 9.89,
    "date5": "2023-5-12",
    "product_image": "https://warply.s3.amazonaws.com/applications/ed840ad545884deeb6c6b699176797ed/products/Ariel_%CE%A5%CE%B3%CF%81%CF%8C_%CE%91%CF%80%CE%BF%CF%81%CF%81%CF%85%CF%80%CE%B1%CE%BD%CF%84%CE%B9%CE%BA%CF%8C_%CE%A1%CE%BF%CF%8D%CF%89%CE%BD_Alpine_28%CE%BC%CE%B5%CE%B6.jpg"
  },
  {
    "product_id": 172,
    "product_price1": 0.82,
    "date1": "2023-5-8",
    "product_price2": 0.83,
    "date2": "2023-5-9",
    "product_price3": 0.85,
    "date3": "2023-5-10",
    "product_price4": 0.86,
    "date4": "2023-5-11",
    "product_price5": 0.87,
    "date5": "2023-5-12",
    "product_image": "https://warply.s3.amazonaws.com/applications/ed840ad545884deeb6c6b699176797ed/products/Softex_%CE%A7%CE%B1%CF%81%CF%84%CE%BF%CF%80%CE%B5%CF%84%CF%83%CE%AD%CF%84%CE%B5%CF%82_%CE%9B%CE%B5%CF%85%CE%BA%CE%AD%CF%82_30X30_56%CE%A4%CE%B5%CE%BC.jpg"
  },
  {
    "product_id": 256,
    "product_price1": 2.64,
    "date1": "2023-5-8",
    "product_price2": 2.64,
    "date2": "2023-5-9",
    "product_price3": 2.65,
    "date3": "2023-5-10",
    "product_price4": 2.63,
    "date4": "2023-5-11",
    "product_price5": 2.6,
    "date5": "2023-5-12",
    "product_image": "https://warply.s3.amazonaws.com/applications/ed840ad545884deeb6c6b699176797ed/products/X%CE%B1%CF%81%CF%84%CE%BF%CE%BC_Facial_Big_%CE%9B%CE%B5%CF%85%CE%BA_Delica_203%CE%93.jpg"
  },
  {
    "product_id": 291,
    "product_price1": 4.31,
    "date1": "2023-5-8",
    "product_price2": 4.3,
    "date2": "2023-5-9",
    "product_price3": 4.28,
    "date3": "2023-5-10",
    "product_price4": 4.27,
    "date4": "2023-5-11",
    "product_price5": 4.27,
    "date5": "2023-5-12",
    "product_image": "https://warply.s3.amazonaws.com/applications/ed840ad545884deeb6c6b699176797ed/products/Zewa_%CE%A7%CE%B1%CF%81%CF%84%CE%AF_%CE%A5%CE%B3%CE%B5%CE%AF%CE%B1%CF%82_Deluxe_%CE%A7%CE%B1%CE%BC%CE%BF%CE%BC%CE%AE%CE%BB%CE%B9_3_%CE%A6%CF%8D%CE%BB%CE%BB%CE%B1_8%CE%A4%CE%B5%CE%BC_768gr.jpg"
  },
  {
    "product_id": 983,
    "product_price1": 5.76,
    "date1": "2023-5-8",
    "product_price2": 5.77,
    "date2": "2023-5-9",
    "product_price3": 5.79,
    "date3": "2023-5-10",
    "product_price4": 5.81,
    "date4": "2023-5-11",
    "product_price5": 5.82,
    "date5": "2023-5-12",
    "product_image": "https://warply.s3.amazonaws.com/applications/ed840ad545884deeb6c6b699176797ed/products/ZEWA_%CE%A5%CE%93EXCLUSULTRA_SOFT_8%CE%A4_912%CE%93%CE%A1.jpg"
  },
  {
    "product_id": 629,
    "product_price1": 13.2,
    "date1": "2023-5-8",
    "product_price2": 13.25,
    "date2": "2023-5-9",
    "product_price3": 13.3,
    "date3": "2023-5-10",
    "product_price4": 13.6,
    "date4": "2023-5-11",
    "product_price5": 13.5,
    "date5": "2023-5-12",
    "product_image": "https://warply.s3.amazonaws.com/applications/ed840ad545884deeb6c6b699176797ed/products/%CE%A7%CE%91%CE%A1%CE%A4%CE%99_%CE%A5%CE%93%CE%95%CE%99%CE%91%CE%A3_SUPER_GIGA_2%CE%A6%CE%A5%CE%9B%CE%9B%CE%91_12%CE%A4%CE%95%CE%9C.jpg"
  },
  {
    "product_id": 63,
    "product_price1": 7.42,
    "date1": "2023-5-8",
    "product_price2": 7.4,
    "date2": "2023-5-9",
    "product_price3": 7.43,
    "date3": "2023-5-10",
    "product_price4": 7.45,
    "date4": "2023-5-11",
    "product_price5": 7.5,
    "date5": "2023-5-12",
    "product_image": "https://warply.s3.amazonaws.com/applications/ed840ad545884deeb6c6b699176797ed/products/Pampers_%CE%A0%CE%AC%CE%BD%CE%B5%CF%82_Premium_Care_N%CE%BF_3_59_%CE%BA%CE%B9%CE%BB_20%CF%84%CE%B5%CE%BC.jpg"
  },
  {
    "product_id": 634,
    "product_price1": 5.4,
    "date1": "2023-5-8",
    "product_price2": 5.42,
    "date2": "2023-5-9",
    "product_price3": 5.44,
    "date3": "2023-5-10",
    "product_price4": 5.46,
    "date4": "2023-5-11",
    "product_price5": 5.47,
    "date5": "2023-5-12",
    "product_image": "https://warply.s3.amazonaws.com/applications/ed840ad545884deeb6c6b699176797ed/products/Babylino_%CE%A0%CE%AC%CE%BD%CE%B5%CF%82_%CE%9C%CF%89%CF%81%CE%BF%CF%8D_Sensitive_4__9_%CE%BA%CE%B9%CE%BB_No_3_22%CF%84%CE%B5%CE%BC.jpg"
  },
  {
    "product_id": 88,
    "product_price1": 7.2,
    "date1": "2023-5-8",
    "product_price2": 7.15,
    "date2": "2023-5-9",
    "product_price3": 7.1,
    "date3": "2023-5-10",
    "product_price4": 7.2,
    "date4": "2023-5-11",
    "product_price5": 7,
    "date5": "2023-5-12",
    "product_image": "https://warply.s3.amazonaws.com/applications/ed840ad545884deeb6c6b699176797ed/products/Babylino_%CE%A0%CE%AC%CE%BD%CE%B5%CF%82_%CE%9C%CF%89%CF%81%CE%BF%CF%8D_Sensitive_16_%CE%BA%CE%B9%CE%BB_No_6_15%CF%84%CE%B5%CE%BC.jpg"
  },
  {
    "product_id": 99,
    "product_price1": 4.3,
    "date1": "2023-5-8",
    "product_price2": 4.32,
    "date2": "2023-5-9",
    "product_price3": 4.24,
    "date3": "2023-5-10",
    "product_price4": 4.34,
    "date4": "2023-5-11",
    "product_price5": 4.2,
    "date5": "2023-5-12",
    "product_image": "https://warply.s3.amazonaws.com/applications/ed840ad545884deeb6c6b699176797ed/products/Libero_Swimpants_%CE%A0%CE%AC%CE%BD%CE%B5%CF%82_Small_712%CE%BA%CE%B9%CE%BB_6%CF%84%CE%B5%CE%BC.jpg"
  },
  {
    "product_id": 419,
    "product_price1": 5.5,
    "date1": "2023-5-8",
    "product_price2": 5.6,
    "date2": "2023-5-9",
    "product_price3": 5.7,
    "date3": "2023-5-10",
    "product_price4": 5.8,
    "date4": "2023-5-11",
    "product_price5": 5.9,
    "date5": "2023-5-12",
    "product_image": "https://warply.s3.amazonaws.com/applications/ed840ad545884deeb6c6b699176797ed/products/Babylino_%CE%A0%CE%AC%CE%BD%CE%B5%CF%82_%CE%9C%CF%89%CF%81%CE%BF%CF%8D_Sensitive_7__18_%CE%BA%CE%B9%CE%BB_No_4_20%CF%84%CE%B5%CE%BC.jpg"
  },
  {
    "product_id": 1037,
    "product_price1": 2.25,
    "date1": "2023-5-8",
    "product_price2": 2.3,
    "date2": "2023-5-9",
    "product_price3": 2.24,
    "date3": "2023-5-10",
    "product_price4": 2.3,
    "date4": "2023-5-11",
    "product_price5": 2.23,
    "date5": "2023-5-12",
    "product_image": "https://warply.s3.amazonaws.com/applications/ed840ad545884deeb6c6b699176797ed/products/%CE%A1%CF%8C%CF%86%CE%B7%CE%BC%CE%B1_%CE%93%CE%B1%CE%BB%CE%B1%CE%BA%CF%84.Nestle_Junior_Rtd_1l.png"
  },
  {
    "product_id": 869,
    "product_price1": 3.3,
    "date1": "2023-5-8",
    "product_price2": 3.28,
    "date2": "2023-5-9",
    "product_price3": 3.27,
    "date3": "2023-5-10",
    "product_price4": 3.22,
    "date4": "2023-5-11",
    "product_price5": 3.21,
    "date5": "2023-5-12",
    "product_image": "https://warply.s3.amazonaws.com/applications/ed840ad545884deeb6c6b699176797ed/products/Neslac_%CE%95%CF%80%CE%B9%CE%B4%CF%8C%CF%81%CF%80%CE%B9%CE%BF_%CE%93%CE%AC%CE%BB%CE%B1%CE%BA%CF%84%CE%BF%CF%82_%CE%92%CE%B1%CE%BD%CE%AF%CE%BB%CE%B9%CE%B1_4%CF%87100%CE%B3%CF%81.jpg"
  },
  {
    "product_id": 219,
    "product_price1": 10.1,
    "date1": "2023-5-8",
    "product_price2": 10.2,
    "date2": "2023-5-9",
    "product_price3": 10.5,
    "date3": "2023-5-10",
    "product_price4": 11,
    "date4": "2023-5-11",
    "product_price5": 10.3,
    "date5": "2023-5-12",
    "product_image": "https://warply.s3.amazonaws.com/applications/ed840ad545884deeb6c6b699176797ed/products/Nan_Optipro_4_%CE%93%CE%AC%CE%BB%CE%B1_%CE%A3%CE%B5_%CE%A3%CE%BA%CF%8C%CE%BD%CE%B7_%CE%94%CE%B5%CF%8D%CF%84%CE%B5%CF%81%CE%B7%CF%82_%CE%92%CF%81%CE%B5%CF%86%CE%B9%CE%BA%CE%AE%CF%82_%CE%97%CE%BB%CE%B9%CE%BA%CE%AF%CE%B1%CF%82_400gr.jpg"
  },
  {
    "product_id": 94,
    "product_price1": 19,
    "date1": "2023-5-8",
    "product_price2": 19.2,
    "date2": "2023-5-9",
    "product_price3": 19.4,
    "date3": "2023-5-10",
    "product_price4": 19.5,
    "date4": "2023-5-11",
    "product_price5": 19.7,
    "date5": "2023-5-12",
    "product_image": "https://warply.s3.amazonaws.com/applications/ed840ad545884deeb6c6b699176797ed/products/%CE%93%CE%AC%CE%BB%CE%B1_Frisogrow.jpg"
  },
  {
    "product_id": 1146,
    "product_price1": 20.47,
    "date1": "2023-5-8",
    "product_price2": 20.5,
    "date2": "2023-5-9",
    "product_price3": 20.4,
    "date3": "2023-5-10",
    "product_price4": 20.42,
    "date4": "2023-5-11",
    "product_price5": 20.43,
    "date5": "2023-5-12",
    "product_image": "https://warply.s3.amazonaws.com/applications/ed840ad545884deeb6c6b699176797ed/products/Almiron-3_%CE%93%CE%AC%CE%BB%CE%B1_%CE%A3%CE%B5_%CE%A3%CE%BA%CF%8C%CE%BD%CE%B7_%CE%A4%CF%81%CE%AF%CF%84%CE%B7%CF%82_%CE%92%CF%81%CE%B5%CF%86%CE%B9%CE%BA%CE%AE%CF%82_%CE%97%CE%BB%CE%B9%CE%BA%CE%AF%CE%B1%CF%82_800gr.jpg"
  },
  {
    "product_id": 495,
    "product_price1": 4,
    "date1": "2023-5-8",
    "product_price2": 4.2,
    "date2": "2023-5-9",
    "product_price3": 4.1,
    "date3": "2023-5-10",
    "product_price4": 4.2,
    "date4": "2023-5-11",
    "product_price5": 4.2,
    "date5": "2023-5-12",
    "product_image": "https://warply.s3.amazonaws.com/applications/ed840ad545884deeb6c6b699176797ed/products/%CE%9F%CE%B9%CE%BD%CE%BF%CF%82_%CE%95%CF%81_%CE%93%CE%BB%CF%85%CE%BA_%CE%9C%CE%B1%CF%85%CF%81%CE%BF%CE%B4%CE%B1%CF%86%CE%BD%CE%B7_%CE%91%CF%87%CE%B1%CE%B9%CE%B1_375%CE%9C.jpg"
  },
  {
    "product_id": 926,
    "product_price1": 4.46,
    "date1": "2023-5-8",
    "product_price2": 4.47,
    "date2": "2023-5-9",
    "product_price3": 4.9,
    "date3": "2023-5-10",
    "product_price4": 4.6,
    "date4": "2023-5-11",
    "product_price5": 4.3,
    "date5": "2023-5-12",
    "product_image": "https://warply.s3.amazonaws.com/applications/ed840ad545884deeb6c6b699176797ed/products/%CE%A1%CE%95%CE%A0%CE%91%CE%9D%CE%97_%CE%91%CE%93%CE%99%CE%A9%CE%A1%CE%93%CE%99%CE%A4%CE%99%CE%9A%CE%9F%CE%A3_%CE%95%CE%A1%CE%A5%CE%98%CE%A1%CE%9F%CE%A3_%CE%9F%CE%99%CE%9D%CE%9F%CE%A3_750ML.jpg"
  },
  {
    "product_id": 57,
    "product_price1": 9.14,
    "date1": "2023-5-8",
    "product_price2": 9.15,
    "date2": "2023-5-9",
    "product_price3": 9.16,
    "date3": "2023-5-10",
    "product_price4": 9.15,
    "date4": "2023-5-11",
    "product_price5": 9.15,
    "date5": "2023-5-12",
    "product_image": "https://warply.s3.amazonaws.com/applications/ed840ad545884deeb6c6b699176797ed/products/%CE%9A%CF%81%CE%B1%CF%83%CE%B9_Moscato_Dasti_Casarito_750ML.jpg"
  },
  {
    "product_id": 592,
    "product_price1": 10.08,
    "date1": "2023-5-8",
    "product_price2": 10.09,
    "date2": "2023-5-9",
    "product_price3": 10.07,
    "date3": "2023-5-10",
    "product_price4": 10.08,
    "date4": "2023-5-11",
    "product_price5": 10.1,
    "date5": "2023-5-12",
    "product_image": "https://warply.s3.amazonaws.com/applications/ed840ad545884deeb6c6b699176797ed/products/%CE%91%CF%86%CF%81%CF%89%CE%B4%CE%B7%CF%82_%CE%9F%CE%B9%CE%BD%CE%BF%CF%82_%CE%9A%CE%B1%CE%B9%CF%81_DSec_750ML.jpg"
  },
  {
    "product_id": 174,
    "product_price1": 11.1,
    "date1": "2023-5-8",
    "product_price2": 11.12,
    "date2": "2023-5-9",
    "product_price3": 11.1,
    "date3": "2023-5-10",
    "product_price4": 11,
    "date4": "2023-5-11",
    "product_price5": 10.98,
    "date5": "2023-5-12",
    "product_image": "https://warply.s3.amazonaws.com/applications/ed840ad545884deeb6c6b699176797ed/products/%CE%91%CF%86%CF%81%CF%8E%CE%B4%CE%B7%CF%82_%CE%9F%CE%AF%CE%BD%CE%BF%CF%82_Asti_Martini_0%2C75l.jpg"
  },
  {
    "product_id": 7,
    "product_price1": 0.68,
    "date1": "2023-5-8",
    "product_price2": 0.67,
    "date2": "2023-5-9",
    "product_price3": 0.67,
    "date3": "2023-5-10",
    "product_price4": 0.66,
    "date4": "2023-5-11",
    "product_price5": 0.67,
    "date5": "2023-5-12",
    "product_image": "https://warply.s3.amazonaws.com/applications/ed840ad545884deeb6c6b699176797ed/products/Sprite_330ML_%CE%9C%CE%B5%CF%84_%CE%9A%CE%BF%CF%85%CF%84.jpg"
  },
  {
    "product_id": 706,
    "product_price1": 0.79,
    "date1": "2023-5-8",
    "product_price2": 0.8,
    "date2": "2023-5-9",
    "product_price3": 0.81,
    "date3": "2023-5-10",
    "product_price4": 0.79,
    "date4": "2023-5-11",
    "product_price5": 0.8,
    "date5": "2023-5-12",
    "product_image": "https://warply.s3.amazonaws.com/applications/ed840ad545884deeb6c6b699176797ed/products/Coca_Cola_Zero_%CE%9A%CE%BF%CF%85%CF%84%CE%AF_330ml.jpg"
  },
  {
    "product_id": 47,
    "product_price1": 1.03,
    "date1": "2023-5-8",
    "product_price2": 1.02,
    "date2": "2023-5-9",
    "product_price3": 1.03,
    "date3": "2023-5-10",
    "product_price4": 1.04,
    "date4": "2023-5-11",
    "product_price5": 1.05,
    "date5": "2023-5-12",
    "product_image": "https://warply.s3.amazonaws.com/applications/ed840ad545884deeb6c6b699176797ed/products/Red_Bull_%CE%95%CE%BD%CE%B5%CF%81%CE%B3%CE%B5%CE%B9%CE%B1%CE%BA%CE%BF_%CE%A0%CE%BF%CF%84%CE%BF_%CE%9A%CE%BF%CF%85%CF%84%CE%B9_250%CE%9C.jpg"
  },
  {
    "product_id": 59,
    "product_price1": 1.52,
    "date1": "2023-5-8",
    "product_price2": 1.53,
    "date2": "2023-5-9",
    "product_price3": 1.52,
    "date3": "2023-5-10",
    "product_price4": 1.53,
    "date4": "2023-5-11",
    "product_price5": 1.54,
    "date5": "2023-5-12",
    "product_image": "https://warply.s3.amazonaws.com/applications/ed840ad545884deeb6c6b699176797ed/products/Energy_Drink_Monster_500ml_%CE%9A%CE%BF%CF%85%CF%84%CE%AF.jpg"
  },
  {
    "product_id": 1008,
    "product_price1": 0.66,
    "date1": "2023-5-8",
    "product_price2": 0.67,
    "date2": "2023-5-9",
    "product_price3": 0.66,
    "date3": "2023-5-10",
    "product_price4": 0.65,
    "date4": "2023-5-11",
    "product_price5": 0.66,
    "date5": "2023-5-12",
    "product_image": "https://warply.s3.amazonaws.com/applications/ed840ad545884deeb6c6b699176797ed/products/%CE%A3%CE%BF%CE%B4%CE%B1_Tuborg_Club_%CE%A6%CE%B9%CE%B1%CE%BB%CE%B7_%CE%A1%CE%B5%CF%84_500ML.jpg"
  }
]