{
  "fetch_date": 1669190231,
  "data": [
    {
      "id": 1042,
      "prices": [
        {
          "date": "2023-6-12",
          "price": 0.56
        },
        {
          "date": "2023-6-13",
          "price": 0.57
        },
        {
          "date": "2023-6-14",
          "price": 0.55
        },
        {
          "date": "2023-6-15",
          "price": 0.55
        },
        {
          "date": "2023-6-16",
          "price": 0.54
        }
      ]
    },
    {
      "id": 338,
      "prices": [
        {
          "date": "2023-6-12",
          "price": 0.79
        },
        {
          "date": "2023-6-13",
          "price": 0.8
        },
        {
          "date": "2023-6-14",
          "price": 0.82
        },
        {
          "date": "2023-6-15",
          "price": 0.83
        },
        {
          "date": "2023-6-16",
          "price": 0.85
        }
      ]
    },
    {
      "id": 842,
      "prices": [
        {
          "date": "2023-6-12",
          "price": 0.8
        },
        {
          "date": "2023-6-13",
          "price": 0.82
        },
        {
          "date": "2023-6-14",
          "price": 0.83
        },
        {
          "date": "2023-6-15",
          "price": 0.84
        },
        {
          "date": "2023-6-16",
          "price": 0.84
        }
      ]
    },
    {
      "id": 957,
      "prices": [
        {
          "date": "2023-6-12",
          "price": 1.62
        },
        {
          "date": "2023-6-13",
          "price": 1.65
        },
        {
          "date": "2023-6-14",
          "price": 1.64
        },
        {
          "date": "2023-6-15",
          "price": 1.67
        },
        {
          "date": "2023-6-16",
          "price": 1.66
        }
      ]
    },
    {
      "id": 330,
      "prices": [
        {
          "date": "2023-6-12",
          "price": 2.32
        },
        {
          "date": "2023-6-13",
          "price": 2.3
        },
        {
          "date": "2023-6-14",
          "price": 2.28
        },
        {
          "date": "2023-6-15",
          "price": 2.27
        },
        {
          "date": "2023-6-16",
          "price": 2.25
        }
      ]
    },
    {
      "id": 1083,
      "prices": [
        {
          "date": "2023-6-12",
          "price": 1.09
        },
        {
          "date": "2023-6-13",
          "price": 1.1
        },
        {
          "date": "2023-6-14",
          "price": 1.11
        },
        {
          "date": "2023-6-15",
          "price": 1.13
        },
        {
          "date": "2023-6-16",
          "price": 1.14
        }
      ]
    },
    {
      "id": 314,
      "prices": [
        {
          "date": "2023-6-12",
          "price": 1.42
        },
        {
          "date": "2023-6-13",
          "price": 1.41
        },
        {
          "date": "2023-6-14",
          "price": 1.39
        },
        {
          "date": "2023-6-15",
          "price": 1.38
        },
        {
          "date": "2023-6-16",
          "price": 1.35
        }
      ]
    },
    {
      "id": 335,
      "prices": [
        {
          "date": "2023-6-12",
          "price": 1.45
        },
        {
          "date": "2023-6-13",
          "price": 1.46
        },
        {
          "date": "2023-6-14",
          "price": 1.48
        },
        {
          "date": "2023-6-15",
          "price": 1.5
        },
        {
          "date": "2023-6-16",
          "price": 1.5
        }
      ]
    },
    {
      "id": 841,
      "prices": [
        {
          "date": "2023-6-12",
          "price": 2.6
        },
        {
          "date": "2023-6-13",
          "price": 2.58
        },
        {
          "date": "2023-6-14",
          "price": 2.57
        },
        {
          "date": "2023-6-15",
          "price": 2.57
        },
        {
          "date": "2023-6-16",
          "price": 2.55
        }
      ]
    },
    {
      "id": 653,
      "prices": [
        {
          "date": "2023-6-12",
          "price": 2.51
        },
        {
          "date": "2023-6-13",
          "price": 2.5
        },
        {
          "date": "2023-6-14",
          "price": 2.47
        },
        {
          "date": "2023-6-15",
          "price": 2.46
        },
        {
          "date": "2023-6-16",
          "price": 2.4
        }
      ]
    },
    {
      "id": 775,
      "prices": [
        {
          "date": "2023-6-12",
          "price": 1.45
        },
        {
          "date": "2023-6-13",
          "price": 1.43
        },
        {
          "date": "2023-6-14",
          "price": 1.42
        },
        {
          "date": "2023-6-15",
          "price": 1.39
        },
        {
          "date": "2023-6-16",
          "price": 1.38
        }
      ]
    },
    {
      "id": 877,
      "prices": [
        {
          "date": "2023-6-12",
          "price": 2.38
        },
        {
          "date": "2023-6-13",
          "price": 2.39
        },
        {
          "date": "2023-6-14",
          "price": 2.41
        },
        {
          "date": "2023-6-15",
          "price": 2.45
        },
        {
          "date": "2023-6-16",
          "price": 2.45
        }
      ]
    },
    {
      "id": 487,
      "prices": [
        {
          "date": "2023-6-12",
          "price": 3.85
        },
        {
          "date": "2023-6-13",
          "price": 3.84
        },
        {
          "date": "2023-6-14",
          "price": 3.8
        },
        {
          "date": "2023-6-15",
          "price": 3.81
        },
        {
          "date": "2023-6-16",
          "price": 3.75
        }
      ]
    },
    {
      "id": 296,
      "prices": [
        {
          "date": "2023-6-12",
          "price": 5.15
        },
        {
          "date": "2023-6-13",
          "price": 5.16
        },
        {
          "date": "2023-6-14",
          "price": 5.2
        },
        {
          "date": "2023-6-15",
          "price": 5.25
        },
        {
          "date": "2023-6-16",
          "price": 5.28
        }
      ]
    },
    {
      "id": 1162,
      "prices": [
        {
          "date": "2023-6-12",
          "price": 9.98
        },
        {
          "date": "2023-6-13",
          "price": 9.97
        },
        {
          "date": "2023-6-14",
          "price": 9.95
        },
        {
          "date": "2023-6-15",
          "price": 9.9
        },
        {
          "date": "2023-6-16",
          "price": 9.89
        }
      ]
    },
    {
      "id": 172,
      "prices": [
        {
          "date": "2023-6-12",
          "price": 0.82
        },
        {
          "date": "2023-6-13",
          "price": 0.83
        },
        {
          "date": "2023-6-14",
          "price": 0.85
        },
        {
          "date": "2023-6-15",
          "price": 0.86
        },
        {
          "date": "2023-6-16",
          "price": 0.87
        }
      ]
    },
    {
      "id": 256,
      "prices": [
        {
          "date": "2023-6-12",
          "price": 2.64
        },
        {
          "date": "2023-6-13",
          "price": 2.64
        },
        {
          "date": "2023-6-14",
          "price": 2.65
        },
        {
          "date": "2023-6-15",
          "price": 2.63
        },
        {
          "date": "2023-6-16",
          "price": 2.6
        }
      ]
    },
    {
      "id": 291,
      "prices": [
        {
          "date": "2023-6-12",
          "price": 4.31
        },
        {
          "date": "2023-6-13",
          "price": 4.3
        },
        {
          "date": "2023-6-14",
          "price": 4.28
        },
        {
          "date": "2023-6-15",
          "price": 4.27
        },
        {
          "date": "2023-6-16",
          "price": 4.27
        }
      ]
    },
    {
      "id": 983,
      "prices": [
        {
          "date": "2023-6-12",
          "price": 5.76
        },
        {
          "date": "2023-6-13",
          "price": 5.77
        },
        {
          "date": "2023-6-14",
          "price": 5.79
        },
        {
          "date": "2023-6-15",
          "price": 5.81
        },
        {
          "date": "2023-6-16",
          "price": 5.82
        }
      ]
    },
    {
      "id": 629,
      "prices": [
        {
          "date": "2023-6-12",
          "price": 13.2
        },
        {
          "date": "2023-6-13",
          "price": 13.25
        },
        {
          "date": "2023-6-14",
          "price": 13.3
        },
        {
          "date": "2023-6-15",
          "price": 13.6
        },
        {
          "date": "2023-6-16",
          "price": 13.5
        }
      ]
    },
    {
      "id": 63,
      "prices": [
        {
          "date": "2023-6-12",
          "price": 7.42
        },
        {
          "date": "2023-6-13",
          "price": 7.4
        },
        {
          "date": "2023-6-14",
          "price": 7.43
        },
        {
          "date": "2023-6-15",
          "price": 7.45
        },
        {
          "date": "2023-6-16",
          "price": 7.5
        }
      ]
    },
    {
      "id": 634,
      "prices": [
        {
          "date": "2023-6-12",
          "price": 5.4
        },
        {
          "date": "2023-6-13",
          "price": 5.42
        },
        {
          "date": "2023-6-14",
          "price": 5.44
        },
        {
          "date": "2023-6-15",
          "price": 5.46
        },
        {
          "date": "2023-6-16",
          "price": 5.47
        }
      ]
    },
    {
      "id": 88,
      "prices": [
        {
          "date": "2023-6-12",
          "price": 7.2
        },
        {
          "date": "2023-6-13",
          "price": 7.15
        },
        {
          "date": "2023-6-14",
          "price": 7.1
        },
        {
          "date": "2023-6-15",
          "price": 7.2
        },
        {
          "date": "2023-6-16",
          "price": 7
        }
      ]
    },
    {
      "id": 99,
      "prices": [
        {
          "date": "2023-6-12",
          "price": 4.3
        },
        {
          "date": "2023-6-13",
          "price": 4.32
        },
        {
          "date": "2023-6-14",
          "price": 4.24
        },
        {
          "date": "2023-6-15",
          "price": 4.34
        },
        {
          "date": "2023-6-16",
          "price": 4.2
        }
      ]
    },
    {
      "id": 419,
      "prices": [
        {
          "date": "2023-6-12",
          "price": 5.5
        },
        {
          "date": "2023-6-13",
          "price": 5.6
        },
        {
          "date": "2023-6-14",
          "price": 5.7
        },
        {
          "date": "2023-6-15",
          "price": 5.8
        },
        {
          "date": "2023-6-16",
          "price": 5.9
        }
      ]
    },
    {
      "id": 1037,
      "prices": [
        {
          "date": "2023-6-12",
          "price": 2.25
        },
        {
          "date": "2023-6-13",
          "price": 2.3
        },
        {
          "date": "2023-6-14",
          "price": 2.24
        },
        {
          "date": "2023-6-15",
          "price": 2.3
        },
        {
          "date": "2023-6-16",
          "price": 2.23
        }
      ]
    },
    {
      "id": 869,
      "prices": [
        {
          "date": "2023-6-12",
          "price": 3.3
        },
        {
          "date": "2023-6-13",
          "price": 3.28
        },
        {
          "date": "2023-6-14",
          "price": 3.27
        },
        {
          "date": "2023-6-15",
          "price": 3.22
        },
        {
          "date": "2023-6-16",
          "price": 3.21
        }
      ]
    },
    {
      "id": 219,
      "prices": [
        {
          "date": "2023-6-12",
          "price": 10.1
        },
        {
          "date": "2023-6-13",
          "price": 10.2
        },
        {
          "date": "2023-6-14",
          "price": 10.5
        },
        {
          "date": "2023-6-15",
          "price": 11
        },
        {
          "date": "2023-6-16",
          "price": 10.3
        }
      ]
    },
    {
      "id": 94,
      "prices": [
        {
          "date": "2023-6-12",
          "price": 19
        },
        {
          "date": "2023-6-13",
          "price": 19.2
        },
        {
          "date": "2023-6-14",
          "price": 19.4
        },
        {
          "date": "2023-6-15",
          "price": 19.5
        },
        {
          "date": "2023-6-16",
          "price": 19.7
        }
      ]
    },
    {
      "id": 1146,
      "prices": [
        {
          "date": "2023-6-12",
          "price": 20.47
        },
        {
          "date": "2023-6-13",
          "price": 20.5
        },
        {
          "date": "2023-6-14",
          "price": 20.4
        },
        {
          "date": "2023-6-15",
          "price": 20.42
        },
        {
          "date": "2023-6-16",
          "price": 20.43
        }
      ]
    },
    {
      "id": 495,
      "prices": [
        {
          "date": "2023-6-12",
          "price": 4
        },
        {
          "date": "2023-6-13",
          "price": 4.2
        },
        {
          "date": "2023-6-14",
          "price": 4.1
        },
        {
          "date": "2023-6-15",
          "price": 4.2
        },
        {
          "date": "2023-6-16",
          "price": 4.2
        }
      ]
    },
    {
      "id": 926,
      "prices": [
        {
          "date": "2023-6-12",
          "price": 4.46
        },
        {
          "date": "2023-6-13",
          "price": 4.47
        },
        {
          "date": "2023-6-14",
          "price": 4.9
        },
        {
          "date": "2023-6-15",
          "price": 4.6
        },
        {
          "date": "2023-6-16",
          "price": 4.3
        }
      ]
    },
    {
      "id": 57,
      "prices": [
        {
          "date": "2023-6-12",
          "price": 9.14
        },
        {
          "date": "2023-6-13",
          "price": 9.15
        },
        {
          "date": "2023-6-14",
          "price": 9.16
        },
        {
          "date": "2023-6-15",
          "price": 9.15
        },
        {
          "date": "2023-6-16",
          "price": 9.15
        }
      ]
    },
    {
      "id": 592,
      "prices": [
        {
          "date": "2023-6-12",
          "price": 10.08
        },
        {
          "date": "2023-6-13",
          "price": 10.09
        },
        {
          "date": "2023-6-14",
          "price": 10.07
        },
        {
          "date": "2023-6-15",
          "price": 10.08
        },
        {
          "date": "2023-6-16",
          "price": 10.1
        }
      ]
    },
    {
      "id": 174,
      "prices": [
        {
          "date": "2023-6-12",
          "price": 11.1
        },
        {
          "date": "2023-6-13",
          "price": 11.12
        },
        {
          "date": "2023-6-14",
          "price": 11.1
        },
        {
          "date": "2023-6-15",
          "price": 11
        },
        {
          "date": "2023-6-16",
          "price": 10.98
        }
      ]
    },
    {
      "id": 7,
      "prices": [
        {
          "date": "2023-6-12",
          "price": 0.68
        },
        {
          "date": "2023-6-13",
          "price": 0.67
        },
        {
          "date": "2023-6-14",
          "price": 0.67
        },
        {
          "date": "2023-6-15",
          "price": 0.66
        },
        {
          "date": "2023-6-16",
          "price": 0.67
        }
      ]
    },
    {
      "id": 706,
      "prices": [
        {
          "date": "2023-6-12",
          "price": 0.79
        },
        {
          "date": "2023-6-13",
          "price": 0.8
        },
        {
          "date": "2023-6-14",
          "price": 0.81
        },
        {
          "date": "2023-6-15",
          "price": 0.79
        },
        {
          "date": "2023-6-16",
          "price": 0.8
        }
      ]
    },
    {
      "id": 47,
      "prices": [
        {
          "date": "2023-6-12",
          "price": 1.03
        },
        {
          "date": "2023-6-13",
          "price": 1.02
        },
        {
          "date": "2023-6-14",
          "price": 1.03
        },
        {
          "date": "2023-6-15",
          "price": 1.04
        },
        {
          "date": "2023-6-16",
          "price": 1.05
        }
      ]
    },
    {
      "id": 59,
      "prices": [
        {
          "date": "2023-6-12",
          "price": 1.52
        },
        {
          "date": "2023-6-13",
          "price": 1.53
        },
        {
          "date": "2023-6-14",
          "price": 1.52
        },
        {
          "date": "2023-6-15",
          "price": 1.53
        },
        {
          "date": "2023-6-16",
          "price": 1.54
        }
      ]
    },
    {
      "id": 1008,
      "prices": [
        {
          "date": "2023-6-12",
          "price": 0.66
        },
        {
          "date": "2023-6-13",
          "price": 0.67
        },
        {
          "date": "2023-6-14",
          "price": 0.66
        },
        {
          "date": "2023-6-15",
          "price": 0.65
        },
        {
          "date": "2023-6-16",
          "price": 0.66
        }
      ]
    }
  ]
}