{
  "fetch_date": 1669190231,
  "data": [
    {
      "id": 1000,
      "name": "Μίσκο Μακαρόνια Ν6 500γρ",
      "prices": [
        {
          "date": "2022-11-15",
          "price": 1.04
        },
        {
          "date": "2022-11-16",
          "price": 1.01
        },
        {
          "date": "2022-11-17",
          "price": 1.02
        },
        {
          "date": "2022-11-18",
          "price": 1
        },
        {
          "date": "2022-11-19",
          "price": 0.99
        }
      ]
    },
    {
      "id": 1001,
      "name": "Misko Ταλιατέλλες Σιμιγδ 500γρ",
      "prices": [
        {
          "date": "2022-11-15",
          "price": 2.08
        },
        {
          "date": "2022-11-16",
          "price": 1.91
        },
        {
          "date": "2022-11-17",
          "price": 2.12
        },
        {
          "date": "2022-11-18",
          "price": 2.11
        },
        {
          "date": "2022-11-19",
          "price": 2.11
        }
      ]
    },
    {
      "id": 1002,
      "name": "Aim Οδ/τσα 2-6 Παιδική",
      "prices": [
        {
          "date": "2022-11-15",
          "price": 2.03
        },
        {
          "date": "2022-11-16",
          "price": 1.95
        },
        {
          "date": "2022-11-17",
          "price": 1.93
        },
        {
          "date": "2022-11-18",
          "price": 1.94
        },
        {
          "date": "2022-11-19",
          "price": 1.85
        }
      ]
    }
  ]
}